timestamp,market_slug,outcome,best_bid,best_ask,mid,spread
1767714488.604909,btc-updown-15m-1767714300,UP,0.47,0.46,0.46499999999999997,-0.009999999999999953
1767714488.932192,btc-updown-15m-1767714300,DOWN,0.53,0.52,0.525,-0.010000000000000009
1767714489.931519,btc-updown-15m-1767714300,UP,0.49,0.47,0.48,-0.020000000000000018
1767714490.25407,btc-updown-15m-1767714300,DOWN,0.52,0.51,0.515,-0.010000000000000009
1767714491.5978198,btc-updown-15m-1767714300,UP,0.5,0.49,0.495,-0.010000000000000009
1767714491.59802,btc-updown-15m-1767714300,DOWN,0.51,0.5,0.505,-0.010000000000000009
1767714492.960704,btc-updown-15m-1767714300,DOWN,0.46,0.45,0.455,-0.010000000000000009
1767714492.9614139,btc-updown-15m-1767714300,UP,0.55,0.54,0.545,-0.010000000000000009
1767714494.305675,btc-updown-15m-1767714300,DOWN,0.45,0.44,0.445,-0.010000000000000009
1767714494.306131,btc-updown-15m-1767714300,UP,0.56,0.55,0.555,-0.010000000000000009
1767714495.653452,btc-updown-15m-1767714300,DOWN,0.44,0.43,0.435,-0.010000000000000009
1767714495.653842,btc-updown-15m-1767714300,UP,0.57,0.56,0.565,-0.009999999999999898
1767714497.1833,btc-updown-15m-1767714300,UP,0.57,0.56,0.565,-0.009999999999999898
1767714497.183585,btc-updown-15m-1767714300,DOWN,0.44,0.43,0.435,-0.010000000000000009
1767714498.5273411,btc-updown-15m-1767714300,DOWN,0.46,0.45,0.455,-0.010000000000000009
1767714498.540214,btc-updown-15m-1767714300,UP,0.55,0.54,0.545,-0.010000000000000009
1767714499.856519,btc-updown-15m-1767714300,DOWN,0.45,0.44,0.445,-0.010000000000000009
1767714499.8614452,btc-updown-15m-1767714300,UP,0.56,0.55,0.555,-0.010000000000000009
1767714501.450798,btc-updown-15m-1767714300,DOWN,0.44,0.43,0.435,-0.010000000000000009
1767714501.45118,btc-updown-15m-1767714300,UP,0.57,0.56,0.565,-0.009999999999999898
1767714502.795551,btc-updown-15m-1767714300,DOWN,0.44,0.43,0.435,-0.010000000000000009
1767714502.795939,btc-updown-15m-1767714300,UP,0.57,0.56,0.565,-0.009999999999999898
1767714504.307709,btc-updown-15m-1767714300,UP,0.57,0.56,0.565,-0.009999999999999898
1767714504.307754,btc-updown-15m-1767714300,DOWN,0.44,0.43,0.435,-0.010000000000000009
1767714505.640724,btc-updown-15m-1767714300,UP,0.57,0.56,0.565,-0.009999999999999898
1767714505.641027,btc-updown-15m-1767714300,DOWN,0.44,0.43,0.435,-0.010000000000000009
1767714506.986148,btc-updown-15m-1767714300,UP,0.57,0.56,0.565,-0.009999999999999898
1767714506.986201,btc-updown-15m-1767714300,DOWN,0.44,0.43,0.435,-0.010000000000000009
1767714508.33837,btc-updown-15m-1767714300,DOWN,0.44,0.43,0.435,-0.010000000000000009
1767714508.3385038,btc-updown-15m-1767714300,UP,0.57,0.56,0.565,-0.009999999999999898
1767714509.671527,btc-updown-15m-1767714300,DOWN,0.44,0.43,0.435,-0.010000000000000009
1767714509.671839,btc-updown-15m-1767714300,UP,0.57,0.56,0.565,-0.009999999999999898
1767714511.0144231,btc-updown-15m-1767714300,DOWN,0.44,0.43,0.435,-0.010000000000000009
1767714511.202849,btc-updown-15m-1767714300,UP,0.57,0.56,0.565,-0.009999999999999898
1767714512.551283,btc-updown-15m-1767714300,DOWN,0.45,0.44,0.445,-0.010000000000000009
1767714512.552059,btc-updown-15m-1767714300,UP,0.56,0.55,0.555,-0.010000000000000009
1767714513.913384,btc-updown-15m-1767714300,DOWN,0.45,0.44,0.445,-0.010000000000000009
1767714513.91442,btc-updown-15m-1767714300,UP,0.56,0.55,0.555,-0.010000000000000009
1767714515.252012,btc-updown-15m-1767714300,DOWN,0.44,0.43,0.435,-0.010000000000000009
1767714515.252536,btc-updown-15m-1767714300,UP,0.57,0.56,0.565,-0.009999999999999898
1767714516.630604,btc-updown-15m-1767714300,DOWN,0.43,0.42,0.425,-0.010000000000000009
1767714516.630903,btc-updown-15m-1767714300,UP,0.58,0.56,0.5700000000000001,-0.019999999999999907
1767714517.9698172,btc-updown-15m-1767714300,DOWN,0.45,0.44,0.445,-0.010000000000000009
1767714517.9700391,btc-updown-15m-1767714300,UP,0.56,0.55,0.555,-0.010000000000000009
1767714519.3293939,btc-updown-15m-1767714300,UP,0.58,0.57,0.575,-0.010000000000000009
1767714519.329552,btc-updown-15m-1767714300,DOWN,0.43,0.42,0.425,-0.010000000000000009
1767714520.741832,btc-updown-15m-1767714300,UP,0.58,0.57,0.575,-0.010000000000000009
1767714520.7423859,btc-updown-15m-1767714300,DOWN,0.43,0.42,0.425,-0.010000000000000009
1767714522.422257,btc-updown-15m-1767714300,DOWN,0.42,0.41,0.415,-0.010000000000000009
1767714522.422507,btc-updown-15m-1767714300,UP,0.59,0.58,0.585,-0.010000000000000009
1767714523.771777,btc-updown-15m-1767714300,UP,0.6,0.59,0.595,-0.010000000000000009
1767714523.771934,btc-updown-15m-1767714300,DOWN,0.41,0.4,0.405,-0.009999999999999953
1767714525.1221771,btc-updown-15m-1767714300,UP,0.6,0.59,0.595,-0.010000000000000009
1767714525.12231,btc-updown-15m-1767714300,DOWN,0.41,0.4,0.405,-0.009999999999999953
1767714526.477511,btc-updown-15m-1767714300,DOWN,0.41,0.4,0.405,-0.009999999999999953
1767714526.477659,btc-updown-15m-1767714300,UP,0.6,0.59,0.595,-0.010000000000000009
1767714527.809057,btc-updown-15m-1767714300,DOWN,0.41,0.4,0.405,-0.009999999999999953
1767714527.8256168,btc-updown-15m-1767714300,UP,0.6,0.59,0.595,-0.010000000000000009
1767714529.167491,btc-updown-15m-1767714300,DOWN,0.41,0.4,0.405,-0.009999999999999953
1767714529.167852,btc-updown-15m-1767714300,UP,0.6,0.59,0.595,-0.010000000000000009
1767714530.514713,btc-updown-15m-1767714300,UP,0.61,0.6,0.605,-0.010000000000000009
1767714530.5149162,btc-updown-15m-1767714300,DOWN,0.4,0.39,0.395,-0.010000000000000009
1767714531.844382,btc-updown-15m-1767714300,UP,0.62,0.61,0.615,-0.010000000000000009
1767714531.84447,btc-updown-15m-1767714300,DOWN,0.39,0.38,0.385,-0.010000000000000009
1767714533.1746528,btc-updown-15m-1767714300,DOWN,0.4,0.39,0.395,-0.010000000000000009
1767714533.174797,btc-updown-15m-1767714300,UP,0.61,0.6,0.605,-0.010000000000000009
1767714534.5272,btc-updown-15m-1767714300,UP,0.59,0.58,0.585,-0.010000000000000009
1767714534.527446,btc-updown-15m-1767714300,DOWN,0.42,0.41,0.415,-0.010000000000000009
1767714535.865265,btc-updown-15m-1767714300,UP,0.59,0.58,0.585,-0.010000000000000009
1767714535.865636,btc-updown-15m-1767714300,DOWN,0.42,0.41,0.415,-0.010000000000000009
1767714537.252197,btc-updown-15m-1767714300,UP,0.6,0.59,0.595,-0.010000000000000009
1767714537.2525692,btc-updown-15m-1767714300,DOWN,0.41,0.4,0.405,-0.009999999999999953
1767714538.597675,btc-updown-15m-1767714300,DOWN,0.42,0.41,0.415,-0.010000000000000009
1767714538.597932,btc-updown-15m-1767714300,UP,0.59,0.58,0.585,-0.010000000000000009
1767714539.951963,btc-updown-15m-1767714300,DOWN,0.44,0.42,0.43,-0.020000000000000018
1767714539.9522712,btc-updown-15m-1767714300,UP,0.58,0.56,0.5700000000000001,-0.019999999999999907
1767714541.304042,btc-updown-15m-1767714300,UP,0.57,0.56,0.565,-0.009999999999999898
1767714541.304229,btc-updown-15m-1767714300,DOWN,0.44,0.43,0.435,-0.010000000000000009
1767714542.727381,btc-updown-15m-1767714300,UP,0.6,0.59,0.595,-0.010000000000000009
1767714542.727669,btc-updown-15m-1767714300,DOWN,0.41,0.4,0.405,-0.009999999999999953
1767714544.0610318,btc-updown-15m-1767714300,UP,0.62,0.61,0.615,-0.010000000000000009
1767714544.061058,btc-updown-15m-1767714300,DOWN,0.39,0.38,0.385,-0.010000000000000009
1767714545.411157,btc-updown-15m-1767714300,DOWN,0.38,0.37,0.375,-0.010000000000000009
1767714545.4114392,btc-updown-15m-1767714300,UP,0.63,0.62,0.625,-0.010000000000000009
1767714546.762239,btc-updown-15m-1767714300,UP,0.64,0.63,0.635,-0.010000000000000009
1767714546.7626739,btc-updown-15m-1767714300,DOWN,0.37,0.36,0.365,-0.010000000000000009
1767714548.1083572,btc-updown-15m-1767714300,UP,0.65,0.64,0.645,-0.010000000000000009
1767714548.108494,btc-updown-15m-1767714300,DOWN,0.36,0.35,0.355,-0.010000000000000009
1767714549.450284,btc-updown-15m-1767714300,DOWN,0.37,0.36,0.365,-0.010000000000000009
1767714549.45042,btc-updown-15m-1767714300,UP,0.64,0.63,0.635,-0.010000000000000009
1767714551.0132911,btc-updown-15m-1767714300,UP,0.64,0.63,0.635,-0.010000000000000009
1767714551.013376,btc-updown-15m-1767714300,DOWN,0.37,0.36,0.365,-0.010000000000000009
1767714552.446006,btc-updown-15m-1767714300,DOWN,0.42,0.41,0.415,-0.010000000000000009
1767714552.4462059,btc-updown-15m-1767714300,UP,0.59,0.58,0.585,-0.010000000000000009
1767714553.884207,btc-updown-15m-1767714300,UP,0.6,0.59,0.595,-0.010000000000000009
1767714553.884525,btc-updown-15m-1767714300,DOWN,0.41,0.4,0.405,-0.009999999999999953
1767714555.213414,btc-updown-15m-1767714300,UP,0.6,0.59,0.595,-0.010000000000000009
1767714555.213941,btc-updown-15m-1767714300,DOWN,0.41,0.4,0.405,-0.009999999999999953
1767714556.5508952,btc-updown-15m-1767714300,DOWN,0.41,0.4,0.405,-0.009999999999999953
1767714556.551088,btc-updown-15m-1767714300,UP,0.6,0.59,0.595,-0.010000000000000009
1767714558.040531,btc-updown-15m-1767714300,DOWN,0.42,0.41,0.415,-0.010000000000000009
1767714558.040777,btc-updown-15m-1767714300,UP,0.59,0.58,0.585,-0.010000000000000009
1767714559.369417,btc-updown-15m-1767714300,UP,0.58,0.57,0.575,-0.010000000000000009
1767714559.369535,btc-updown-15m-1767714300,DOWN,0.43,0.42,0.425,-0.010000000000000009
1767714560.713098,btc-updown-15m-1767714300,DOWN,0.43,0.42,0.425,-0.010000000000000009
1767714560.713158,btc-updown-15m-1767714300,UP,0.58,0.57,0.575,-0.010000000000000009
1767714562.052139,btc-updown-15m-1767714300,UP,0.6,0.59,0.595,-0.010000000000000009
1767714562.052266,btc-updown-15m-1767714300,DOWN,0.41,0.4,0.405,-0.009999999999999953
1767714563.383748,btc-updown-15m-1767714300,DOWN,0.42,0.41,0.415,-0.010000000000000009
1767714563.384189,btc-updown-15m-1767714300,UP,0.59,0.58,0.585,-0.010000000000000009
1767714564.733564,btc-updown-15m-1767714300,UP,0.57,0.56,0.565,-0.009999999999999898
1767714564.733713,btc-updown-15m-1767714300,DOWN,0.44,0.43,0.435,-0.010000000000000009
1767714566.2455502,btc-updown-15m-1767714300,UP,0.57,0.55,0.56,-0.019999999999999907
1767714566.2462301,btc-updown-15m-1767714300,DOWN,0.45,0.43,0.44,-0.020000000000000018
1767714567.590768,btc-updown-15m-1767714300,UP,0.54,0.53,0.535,-0.010000000000000009
1767714567.5909162,btc-updown-15m-1767714300,DOWN,0.47,0.46,0.46499999999999997,-0.009999999999999953
1767714568.948117,btc-updown-15m-1767714300,UP,0.55,0.54,0.545,-0.010000000000000009
1767714568.9486022,btc-updown-15m-1767714300,DOWN,0.46,0.45,0.455,-0.010000000000000009
1767714570.551284,btc-updown-15m-1767714300,DOWN,0.46,0.45,0.455,-0.010000000000000009
1767714570.551429,btc-updown-15m-1767714300,UP,0.55,0.54,0.545,-0.010000000000000009
1767714571.904094,btc-updown-15m-1767714300,UP,0.58,0.57,0.575,-0.010000000000000009
1767714571.904246,btc-updown-15m-1767714300,DOWN,0.43,0.42,0.425,-0.010000000000000009
1767714573.244291,btc-updown-15m-1767714300,DOWN,0.41,0.4,0.405,-0.009999999999999953
1767714573.2444339,btc-updown-15m-1767714300,UP,0.6,0.59,0.595,-0.010000000000000009
1767714574.59951,btc-updown-15m-1767714300,UP,0.58,0.57,0.575,-0.010000000000000009
1767714574.5997381,btc-updown-15m-1767714300,DOWN,0.43,0.42,0.425,-0.010000000000000009
1767714575.93876,btc-updown-15m-1767714300,UP,0.58,0.57,0.575,-0.010000000000000009
1767714575.938883,btc-updown-15m-1767714300,DOWN,0.43,0.42,0.425,-0.010000000000000009
1767714577.2705212,btc-updown-15m-1767714300,DOWN,0.39,0.38,0.385,-0.010000000000000009
1767714577.270849,btc-updown-15m-1767714300,UP,0.62,0.61,0.615,-0.010000000000000009
1767714578.611149,btc-updown-15m-1767714300,DOWN,0.38,0.37,0.375,-0.010000000000000009
1767714578.6113122,btc-updown-15m-1767714300,UP,0.63,0.62,0.625,-0.010000000000000009
1767714580.14675,btc-updown-15m-1767714300,UP,0.64,0.63,0.635,-0.010000000000000009
1767714580.146797,btc-updown-15m-1767714300,DOWN,0.37,0.36,0.365,-0.010000000000000009
1767714581.498147,btc-updown-15m-1767714300,UP,0.64,0.63,0.635,-0.010000000000000009
1767714581.498631,btc-updown-15m-1767714300,DOWN,0.37,0.36,0.365,-0.010000000000000009
1767714582.832032,btc-updown-15m-1767714300,UP,0.62,0.61,0.615,-0.010000000000000009
1767714582.836525,btc-updown-15m-1767714300,DOWN,0.39,0.38,0.385,-0.010000000000000009
1767714584.178816,btc-updown-15m-1767714300,UP,0.61,0.6,0.605,-0.010000000000000009
1767714584.1790779,btc-updown-15m-1767714300,DOWN,0.4,0.39,0.395,-0.010000000000000009
1767714585.5214999,btc-updown-15m-1767714300,DOWN,0.39,0.38,0.385,-0.010000000000000009
1767714585.5218701,btc-updown-15m-1767714300,UP,0.62,0.61,0.615,-0.010000000000000009
1767714586.86268,btc-updown-15m-1767714300,UP,0.63,0.62,0.625,-0.010000000000000009
1767714586.8631392,btc-updown-15m-1767714300,DOWN,0.38,0.37,0.375,-0.010000000000000009
1767714588.32564,btc-updown-15m-1767714300,DOWN,0.38,0.37,0.375,-0.010000000000000009
1767714588.326279,btc-updown-15m-1767714300,UP,0.63,0.62,0.625,-0.010000000000000009
1767714589.826313,btc-updown-15m-1767714300,UP,0.64,0.63,0.635,-0.010000000000000009
1767714589.826721,btc-updown-15m-1767714300,DOWN,0.37,0.36,0.365,-0.010000000000000009
1767714591.2001238,btc-updown-15m-1767714300,DOWN,0.36,0.35,0.355,-0.010000000000000009
1767714591.200337,btc-updown-15m-1767714300,UP,0.65,0.64,0.645,-0.010000000000000009
1767714592.754399,btc-updown-15m-1767714300,UP,0.65,0.64,0.645,-0.010000000000000009
1767714592.7545862,btc-updown-15m-1767714300,DOWN,0.36,0.35,0.355,-0.010000000000000009
1767714594.106625,btc-updown-15m-1767714300,DOWN,0.36,0.35,0.355,-0.010000000000000009
1767714594.1068401,btc-updown-15m-1767714300,UP,0.65,0.64,0.645,-0.010000000000000009
1767714595.442533,btc-updown-15m-1767714300,UP,0.65,0.64,0.645,-0.010000000000000009
1767714595.443136,btc-updown-15m-1767714300,DOWN,0.36,0.35,0.355,-0.010000000000000009
1767714597.279732,btc-updown-15m-1767714300,UP,0.61,0.6,0.605,-0.010000000000000009
1767714597.280402,btc-updown-15m-1767714300,DOWN,0.4,0.39,0.395,-0.010000000000000009
1767714598.6539588,btc-updown-15m-1767714300,UP,0.61,0.6,0.605,-0.010000000000000009
1767714598.654228,btc-updown-15m-1767714300,DOWN,0.4,0.39,0.395,-0.010000000000000009
1767714600.007788,btc-updown-15m-1767714300,UP,0.63,0.62,0.625,-0.010000000000000009
1767714600.007957,btc-updown-15m-1767714300,DOWN,0.38,0.37,0.375,-0.010000000000000009
1767714601.365264,btc-updown-15m-1767714300,UP,0.65,0.64,0.645,-0.010000000000000009
1767714601.365525,btc-updown-15m-1767714300,DOWN,0.36,0.35,0.355,-0.010000000000000009
1767714602.843551,btc-updown-15m-1767714300,UP,0.63,0.62,0.625,-0.010000000000000009
1767714602.844011,btc-updown-15m-1767714300,DOWN,0.38,0.37,0.375,-0.010000000000000009
1767714604.1847239,btc-updown-15m-1767714300,UP,0.65,0.64,0.645,-0.010000000000000009
1767714604.184858,btc-updown-15m-1767714300,DOWN,0.36,0.35,0.355,-0.010000000000000009
1767714605.538538,btc-updown-15m-1767714300,UP,0.64,0.63,0.635,-0.010000000000000009
1767714605.539569,btc-updown-15m-1767714300,DOWN,0.37,0.36,0.365,-0.010000000000000009
1767714606.953172,btc-updown-15m-1767714300,UP,0.61,0.6,0.605,-0.010000000000000009
1767714606.953301,btc-updown-15m-1767714300,DOWN,0.4,0.39,0.395,-0.010000000000000009
1767714608.31631,btc-updown-15m-1767714300,UP,0.62,0.61,0.615,-0.010000000000000009
1767714608.316479,btc-updown-15m-1767714300,DOWN,0.39,0.38,0.385,-0.010000000000000009
1767714609.670248,btc-updown-15m-1767714300,DOWN,0.43,0.42,0.425,-0.010000000000000009
1767714609.670481,btc-updown-15m-1767714300,UP,0.58,0.57,0.575,-0.010000000000000009
1767714611.03667,btc-updown-15m-1767714300,DOWN,0.42,0.41,0.415,-0.010000000000000009
1767714611.036831,btc-updown-15m-1767714300,UP,0.59,0.58,0.585,-0.010000000000000009
1767714612.368756,btc-updown-15m-1767714300,DOWN,0.42,0.41,0.415,-0.010000000000000009
1767714612.3692238,btc-updown-15m-1767714300,UP,0.59,0.58,0.585,-0.010000000000000009
1767714613.70912,btc-updown-15m-1767714300,UP,0.58,0.57,0.575,-0.010000000000000009
1767714613.709801,btc-updown-15m-1767714300,DOWN,0.43,0.42,0.425,-0.010000000000000009
1767714616.409657,btc-updown-15m-1767714300,UP,0.61,0.6,0.605,-0.010000000000000009
1767714616.414667,btc-updown-15m-1767714300,DOWN,0.4,0.39,0.395,-0.010000000000000009
1767714617.741011,btc-updown-15m-1767714300,UP,0.6,0.59,0.595,-0.010000000000000009
1767714617.7412522,btc-updown-15m-1767714300,DOWN,0.41,0.4,0.405,-0.009999999999999953
1767714619.074906,btc-updown-15m-1767714300,DOWN,0.4,0.39,0.395,-0.010000000000000009
1767714619.075124,btc-updown-15m-1767714300,UP,0.61,0.6,0.605,-0.010000000000000009
1767714620.530271,btc-updown-15m-1767714300,DOWN,0.38,0.37,0.375,-0.010000000000000009
1767714620.5312269,btc-updown-15m-1767714300,UP,0.63,0.62,0.625,-0.010000000000000009
1767714622.017277,btc-updown-15m-1767714300,DOWN,0.34,0.33,0.335,-0.010000000000000009
1767714622.017499,btc-updown-15m-1767714300,UP,0.67,0.66,0.665,-0.010000000000000009
1767714623.355815,btc-updown-15m-1767714300,DOWN,0.34,0.33,0.335,-0.010000000000000009
1767714623.3559868,btc-updown-15m-1767714300,UP,0.67,0.66,0.665,-0.010000000000000009
1767714624.689365,btc-updown-15m-1767714300,DOWN,0.34,0.33,0.335,-0.010000000000000009
1767714624.689562,btc-updown-15m-1767714300,UP,0.67,0.66,0.665,-0.010000000000000009
1767714626.3222342,btc-updown-15m-1767714300,DOWN,0.36,0.35,0.355,-0.010000000000000009
1767714626.3225868,btc-updown-15m-1767714300,UP,0.65,0.64,0.645,-0.010000000000000009
1767714627.899796,btc-updown-15m-1767714300,UP,0.65,0.64,0.645,-0.010000000000000009
1767714627.900182,btc-updown-15m-1767714300,DOWN,0.36,0.35,0.355,-0.010000000000000009
1767714629.2684999,btc-updown-15m-1767714300,DOWN,0.35,0.34,0.345,-0.009999999999999953
1767714629.268932,btc-updown-15m-1767714300,UP,0.66,0.65,0.655,-0.010000000000000009
1767714630.837307,btc-updown-15m-1767714300,DOWN,0.34,0.33,0.335,-0.010000000000000009
1767714630.837472,btc-updown-15m-1767714300,UP,0.67,0.66,0.665,-0.010000000000000009
1767714632.171749,btc-updown-15m-1767714300,UP,0.68,0.66,0.67,-0.020000000000000018
1767714632.172021,btc-updown-15m-1767714300,DOWN,0.34,0.32,0.33,-0.020000000000000018
1767714633.50512,btc-updown-15m-1767714300,DOWN,0.34,0.33,0.335,-0.010000000000000009
1767714633.50545,btc-updown-15m-1767714300,UP,0.67,0.66,0.665,-0.010000000000000009
1767714634.833649,btc-updown-15m-1767714300,DOWN,0.34,0.33,0.335,-0.010000000000000009
1767714634.848982,btc-updown-15m-1767714300,UP,0.67,0.66,0.665,-0.010000000000000009
1767714636.178271,btc-updown-15m-1767714300,DOWN,0.36,0.35,0.355,-0.010000000000000009
1767714636.178457,btc-updown-15m-1767714300,UP,0.65,0.64,0.645,-0.010000000000000009
1767714637.508875,btc-updown-15m-1767714300,DOWN,0.36,0.35,0.355,-0.010000000000000009
1767714637.509217,btc-updown-15m-1767714300,UP,0.65,0.64,0.645,-0.010000000000000009
1767714638.850191,btc-updown-15m-1767714300,UP,0.63,0.62,0.625,-0.010000000000000009
1767714638.8503292,btc-updown-15m-1767714300,DOWN,0.38,0.37,0.375,-0.010000000000000009
1767714640.1862552,btc-updown-15m-1767714300,UP,0.61,0.6,0.605,-0.010000000000000009
1767714640.186686,btc-updown-15m-1767714300,DOWN,0.4,0.39,0.395,-0.010000000000000009
1767714641.514466,btc-updown-15m-1767714300,DOWN,0.41,0.4,0.405,-0.009999999999999953
1767714641.5153012,btc-updown-15m-1767714300,UP,0.6,0.59,0.595,-0.010000000000000009
1767714642.850028,btc-updown-15m-1767714300,DOWN,0.4,0.39,0.395,-0.010000000000000009
1767714642.850378,btc-updown-15m-1767714300,UP,0.61,0.6,0.605,-0.010000000000000009
1767714644.445581,btc-updown-15m-1767714300,DOWN,0.4,0.39,0.395,-0.010000000000000009
1767714644.445674,btc-updown-15m-1767714300,UP,0.61,0.6,0.605,-0.010000000000000009
1767714645.777652,btc-updown-15m-1767714300,DOWN,0.44,0.43,0.435,-0.010000000000000009
1767714645.7779891,btc-updown-15m-1767714300,UP,0.57,0.56,0.565,-0.009999999999999898
1767714647.113649,btc-updown-15m-1767714300,DOWN,0.43,0.42,0.425,-0.010000000000000009
1767714647.113962,btc-updown-15m-1767714300,UP,0.58,0.57,0.575,-0.010000000000000009
1767714648.514797,btc-updown-15m-1767714300,UP,0.57,0.56,0.565,-0.009999999999999898
1767714648.5154612,btc-updown-15m-1767714300,DOWN,0.44,0.43,0.435,-0.010000000000000009
1767714649.8444679,btc-updown-15m-1767714300,UP,0.57,0.56,0.565,-0.009999999999999898
1767714649.844716,btc-updown-15m-1767714300,DOWN,0.44,0.43,0.435,-0.010000000000000009
1767714651.2996092,btc-updown-15m-1767714300,DOWN,0.44,0.43,0.435,-0.010000000000000009
1767714651.29993,btc-updown-15m-1767714300,UP,0.57,0.56,0.565,-0.009999999999999898
1767714652.781203,btc-updown-15m-1767714300,DOWN,0.44,0.43,0.435,-0.010000000000000009
1767714652.781893,btc-updown-15m-1767714300,UP,0.57,0.56,0.565,-0.009999999999999898
1767714654.125181,btc-updown-15m-1767714300,UP,0.58,0.57,0.575,-0.010000000000000009
1767714654.12538,btc-updown-15m-1767714300,DOWN,0.43,0.42,0.425,-0.010000000000000009
1767714655.457651,btc-updown-15m-1767714300,UP,0.56,0.55,0.555,-0.010000000000000009
1767714655.4581492,btc-updown-15m-1767714300,DOWN,0.45,0.44,0.445,-0.010000000000000009
1767714656.785231,btc-updown-15m-1767714300,UP,0.54,0.53,0.535,-0.010000000000000009
1767714656.7938921,btc-updown-15m-1767714300,DOWN,0.47,0.46,0.46499999999999997,-0.009999999999999953
1767714658.1320372,btc-updown-15m-1767714300,DOWN,0.47,0.46,0.46499999999999997,-0.009999999999999953
1767714658.1327791,btc-updown-15m-1767714300,UP,0.54,0.53,0.535,-0.010000000000000009
1767714659.7320719,btc-updown-15m-1767714300,UP,0.54,0.53,0.535,-0.010000000000000009
1767714659.7324631,btc-updown-15m-1767714300,DOWN,0.47,0.46,0.46499999999999997,-0.009999999999999953
1767714661.073584,btc-updown-15m-1767714300,DOWN,0.47,0.46,0.46499999999999997,-0.009999999999999953
1767714661.0739179,btc-updown-15m-1767714300,UP,0.54,0.53,0.535,-0.010000000000000009
1767714662.412097,btc-updown-15m-1767714300,UP,0.55,0.54,0.545,-0.010000000000000009
1767714662.412249,btc-updown-15m-1767714300,DOWN,0.46,0.45,0.455,-0.010000000000000009
1767714663.752022,btc-updown-15m-1767714300,UP,0.58,0.57,0.575,-0.010000000000000009
1767714663.752883,btc-updown-15m-1767714300,DOWN,0.43,0.42,0.425,-0.010000000000000009
1767714665.239177,btc-updown-15m-1767714300,DOWN,0.43,0.42,0.425,-0.010000000000000009
1767714665.239308,btc-updown-15m-1767714300,UP,0.58,0.57,0.575,-0.010000000000000009
1767714666.5915468,btc-updown-15m-1767714300,UP,0.64,0.63,0.635,-0.010000000000000009
1767714666.5916438,btc-updown-15m-1767714300,DOWN,0.37,0.36,0.365,-0.010000000000000009
1767714668.0342999,btc-updown-15m-1767714300,UP,0.63,0.62,0.625,-0.010000000000000009
1767714668.034472,btc-updown-15m-1767714300,DOWN,0.39,0.38,0.385,-0.010000000000000009
1767714669.6155388,btc-updown-15m-1767714300,UP,0.63,0.62,0.625,-0.010000000000000009
1767714669.616213,btc-updown-15m-1767714300,DOWN,0.38,0.37,0.375,-0.010000000000000009
1767714670.9794838,btc-updown-15m-1767714300,UP,0.64,0.63,0.635,-0.010000000000000009
1767714670.9800901,btc-updown-15m-1767714300,DOWN,0.37,0.36,0.365,-0.010000000000000009
1767714672.315697,btc-updown-15m-1767714300,DOWN,0.38,0.37,0.375,-0.010000000000000009
1767714672.315874,btc-updown-15m-1767714300,UP,0.63,0.62,0.625,-0.010000000000000009
1767714673.7118158,btc-updown-15m-1767714300,DOWN,0.43,0.42,0.425,-0.010000000000000009
1767714673.712136,btc-updown-15m-1767714300,UP,0.58,0.57,0.575,-0.010000000000000009
1767714675.041315,btc-updown-15m-1767714300,DOWN,0.43,0.42,0.425,-0.010000000000000009
1767714675.041697,btc-updown-15m-1767714300,UP,0.58,0.57,0.575,-0.010000000000000009
1767714676.371765,btc-updown-15m-1767714300,DOWN,0.45,0.44,0.445,-0.010000000000000009
1767714676.3722172,btc-updown-15m-1767714300,UP,0.56,0.55,0.555,-0.010000000000000009
1767714677.71639,btc-updown-15m-1767714300,DOWN,0.46,0.44,0.45,-0.020000000000000018
1767714677.71649,btc-updown-15m-1767714300,UP,0.56,0.54,0.55,-0.020000000000000018
1767714679.047029,btc-updown-15m-1767714300,DOWN,0.45,0.44,0.445,-0.010000000000000009
1767714679.0476868,btc-updown-15m-1767714300,UP,0.56,0.55,0.555,-0.010000000000000009
1767714680.378439,btc-updown-15m-1767714300,DOWN,0.44,0.43,0.435,-0.010000000000000009
1767714680.3785229,btc-updown-15m-1767714300,UP,0.57,0.56,0.565,-0.009999999999999898
1767714681.718312,btc-updown-15m-1767714300,DOWN,0.47,0.46,0.46499999999999997,-0.009999999999999953
1767714681.7187462,btc-updown-15m-1767714300,UP,0.54,0.53,0.535,-0.010000000000000009
1767714683.0644212,btc-updown-15m-1767714300,DOWN,0.49,0.48,0.485,-0.010000000000000009
1767714683.064943,btc-updown-15m-1767714300,UP,0.52,0.51,0.515,-0.010000000000000009
1767714684.3917592,btc-updown-15m-1767714300,UP,0.53,0.52,0.525,-0.010000000000000009
1767714684.4108999,btc-updown-15m-1767714300,DOWN,0.48,0.47,0.475,-0.010000000000000009
1767714685.743016,btc-updown-15m-1767714300,UP,0.53,0.52,0.525,-0.010000000000000009
1767714685.7431521,btc-updown-15m-1767714300,DOWN,0.48,0.47,0.475,-0.010000000000000009
1767714687.082689,btc-updown-15m-1767714300,UP,0.53,0.52,0.525,-0.010000000000000009
1767714687.082996,btc-updown-15m-1767714300,DOWN,0.48,0.47,0.475,-0.010000000000000009
1767714688.4086988,btc-updown-15m-1767714300,UP,0.54,0.53,0.535,-0.010000000000000009
1767714688.411843,btc-updown-15m-1767714300,DOWN,0.47,0.46,0.46499999999999997,-0.009999999999999953
1767714689.74446,btc-updown-15m-1767714300,DOWN,0.48,0.47,0.475,-0.010000000000000009
1767714689.745208,btc-updown-15m-1767714300,UP,0.53,0.52,0.525,-0.010000000000000009
1767714691.0914502,btc-updown-15m-1767714300,UP,0.57,0.56,0.565,-0.009999999999999898
1767714691.0915682,btc-updown-15m-1767714300,DOWN,0.44,0.43,0.435,-0.010000000000000009
1767714692.4400792,btc-updown-15m-1767714300,UP,0.57,0.56,0.565,-0.009999999999999898
1767714692.4401422,btc-updown-15m-1767714300,DOWN,0.44,0.43,0.435,-0.010000000000000009
1767714693.823361,btc-updown-15m-1767714300,DOWN,0.44,0.43,0.435,-0.010000000000000009
1767714693.823483,btc-updown-15m-1767714300,UP,0.57,0.56,0.565,-0.009999999999999898
1767714695.159491,btc-updown-15m-1767714300,UP,0.58,0.57,0.575,-0.010000000000000009
1767714695.159793,btc-updown-15m-1767714300,DOWN,0.43,0.42,0.425,-0.010000000000000009
1767714696.651632,btc-updown-15m-1767714300,DOWN,0.45,0.43,0.44,-0.020000000000000018
1767714696.651955,btc-updown-15m-1767714300,UP,0.57,0.55,0.56,-0.019999999999999907
1767714697.986023,btc-updown-15m-1767714300,DOWN,0.44,0.43,0.435,-0.010000000000000009
1767714697.986233,btc-updown-15m-1767714300,UP,0.57,0.56,0.565,-0.009999999999999898
1767714699.5063522,btc-updown-15m-1767714300,UP,0.57,0.55,0.56,-0.019999999999999907
1767714699.506727,btc-updown-15m-1767714300,DOWN,0.45,0.43,0.44,-0.020000000000000018
1767714701.007904,btc-updown-15m-1767714300,DOWN,0.46,0.45,0.455,-0.010000000000000009
1767714701.0094981,btc-updown-15m-1767714300,UP,0.55,0.54,0.545,-0.010000000000000009
1767714702.403687,btc-updown-15m-1767714300,DOWN,0.45,0.44,0.445,-0.010000000000000009
1767714702.4041228,btc-updown-15m-1767714300,UP,0.56,0.55,0.555,-0.010000000000000009
1767714703.737857,btc-updown-15m-1767714300,DOWN,0.44,0.43,0.435,-0.010000000000000009
1767714703.7381,btc-updown-15m-1767714300,UP,0.57,0.56,0.565,-0.009999999999999898
1767714705.0744178,btc-updown-15m-1767714300,DOWN,0.48,0.47,0.475,-0.010000000000000009
1767714705.074542,btc-updown-15m-1767714300,UP,0.53,0.52,0.525,-0.010000000000000009
1767714706.40696,btc-updown-15m-1767714300,DOWN,0.48,0.47,0.475,-0.010000000000000009
1767714706.4077692,btc-updown-15m-1767714300,UP,0.53,0.52,0.525,-0.010000000000000009
1767714707.764524,btc-updown-15m-1767714300,UP,0.53,0.52,0.525,-0.010000000000000009
1767714707.764831,btc-updown-15m-1767714300,DOWN,0.48,0.47,0.475,-0.010000000000000009
1767714709.0973299,btc-updown-15m-1767714300,UP,0.54,0.53,0.535,-0.010000000000000009
1767714709.099023,btc-updown-15m-1767714300,DOWN,0.47,0.46,0.46499999999999997,-0.009999999999999953
1767714710.43786,btc-updown-15m-1767714300,UP,0.58,0.57,0.575,-0.010000000000000009
1767714710.438048,btc-updown-15m-1767714300,DOWN,0.43,0.42,0.425,-0.010000000000000009
1767714711.780576,btc-updown-15m-1767714300,DOWN,0.44,0.43,0.435,-0.010000000000000009
1767714711.781387,btc-updown-15m-1767714300,UP,0.57,0.56,0.565,-0.009999999999999898
1767714713.108711,btc-updown-15m-1767714300,UP,0.51,0.5,0.505,-0.010000000000000009
1767714713.119043,btc-updown-15m-1767714300,DOWN,0.5,0.49,0.495,-0.010000000000000009
1767714714.438776,btc-updown-15m-1767714300,UP,0.46,0.45,0.455,-0.010000000000000009
1767714714.4448168,btc-updown-15m-1767714300,DOWN,0.55,0.54,0.545,-0.010000000000000009
1767714715.776839,btc-updown-15m-1767714300,UP,0.45,0.44,0.445,-0.010000000000000009
1767714715.777282,btc-updown-15m-1767714300,DOWN,0.56,0.55,0.555,-0.010000000000000009
1767714717.1089349,btc-updown-15m-1767714300,UP,0.45,0.44,0.445,-0.010000000000000009
1767714717.1095722,btc-updown-15m-1767714300,DOWN,0.56,0.55,0.555,-0.010000000000000009
1767714718.465557,btc-updown-15m-1767714300,UP,0.45,0.44,0.445,-0.010000000000000009
1767714718.4657989,btc-updown-15m-1767714300,DOWN,0.56,0.55,0.555,-0.010000000000000009
1767714719.806754,btc-updown-15m-1767714300,DOWN,0.55,0.54,0.545,-0.010000000000000009
1767714719.807028,btc-updown-15m-1767714300,UP,0.46,0.45,0.455,-0.010000000000000009
1767714721.151178,btc-updown-15m-1767714300,UP,0.44,0.43,0.435,-0.010000000000000009
1767714721.151268,btc-updown-15m-1767714300,DOWN,0.57,0.56,0.565,-0.009999999999999898
1767714722.4833448,btc-updown-15m-1767714300,DOWN,0.56,0.55,0.555,-0.010000000000000009
1767714722.48371,btc-updown-15m-1767714300,UP,0.45,0.44,0.445,-0.010000000000000009
1767714723.852737,btc-updown-15m-1767714300,DOWN,0.56,0.55,0.555,-0.010000000000000009
1767714723.8533602,btc-updown-15m-1767714300,UP,0.45,0.44,0.445,-0.010000000000000009
1767714725.1788568,btc-updown-15m-1767714300,UP,0.48,0.47,0.475,-0.010000000000000009
1767714725.179086,btc-updown-15m-1767714300,DOWN,0.53,0.52,0.525,-0.010000000000000009
1767714726.521935,btc-updown-15m-1767714300,UP,0.5,0.49,0.495,-0.010000000000000009
1767714726.52203,btc-updown-15m-1767714300,DOWN,0.51,0.5,0.505,-0.010000000000000009
1767714728.058364,btc-updown-15m-1767714300,UP,0.52,0.51,0.515,-0.010000000000000009
1767714728.059073,btc-updown-15m-1767714300,DOWN,0.49,0.48,0.485,-0.010000000000000009
1767714729.399321,btc-updown-15m-1767714300,UP,0.51,0.5,0.505,-0.010000000000000009
1767714729.400182,btc-updown-15m-1767714300,DOWN,0.5,0.49,0.495,-0.010000000000000009
1767714730.75758,btc-updown-15m-1767714300,DOWN,0.51,0.5,0.505,-0.010000000000000009
1767714730.757994,btc-updown-15m-1767714300,UP,0.5,0.49,0.495,-0.010000000000000009
1767714732.110986,btc-updown-15m-1767714300,DOWN,0.5,0.49,0.495,-0.010000000000000009
1767714732.111156,btc-updown-15m-1767714300,UP,0.51,0.5,0.505,-0.010000000000000009
1767714733.656944,btc-updown-15m-1767714300,DOWN,0.54,0.53,0.535,-0.010000000000000009
1767714733.657641,btc-updown-15m-1767714300,UP,0.47,0.46,0.46499999999999997,-0.009999999999999953
1767714735.1777668,btc-updown-15m-1767714300,DOWN,0.54,0.53,0.535,-0.010000000000000009
1767714735.177867,btc-updown-15m-1767714300,UP,0.47,0.46,0.46499999999999997,-0.009999999999999953
1767714736.514128,btc-updown-15m-1767714300,DOWN,0.55,0.54,0.545,-0.010000000000000009
1767714736.514153,btc-updown-15m-1767714300,UP,0.46,0.45,0.455,-0.010000000000000009
1767714737.8502882,btc-updown-15m-1767714300,DOWN,0.6,0.59,0.595,-0.010000000000000009
1767714737.851559,btc-updown-15m-1767714300,UP,0.41,0.4,0.405,-0.009999999999999953
1767714739.193728,btc-updown-15m-1767714300,UP,0.43,0.42,0.425,-0.010000000000000009
1767714739.194083,btc-updown-15m-1767714300,DOWN,0.58,0.57,0.575,-0.010000000000000009
1767714740.551336,btc-updown-15m-1767714300,UP,0.42,0.41,0.415,-0.010000000000000009
1767714740.5516229,btc-updown-15m-1767714300,DOWN,0.59,0.58,0.585,-0.010000000000000009
1767714741.878856,btc-updown-15m-1767714300,UP,0.43,0.42,0.425,-0.010000000000000009
1767714741.8793569,btc-updown-15m-1767714300,DOWN,0.58,0.57,0.575,-0.010000000000000009
1767714743.216568,btc-updown-15m-1767714300,UP,0.43,0.42,0.425,-0.010000000000000009
1767714743.216819,btc-updown-15m-1767714300,DOWN,0.58,0.57,0.575,-0.010000000000000009
1767714744.658349,btc-updown-15m-1767714300,UP,0.42,0.4,0.41000000000000003,-0.019999999999999962
1767714744.6586518,btc-updown-15m-1767714300,DOWN,0.6,0.58,0.59,-0.020000000000000018
1767714746.069213,btc-updown-15m-1767714300,DOWN,0.6,0.59,0.595,-0.010000000000000009
1767714746.069609,btc-updown-15m-1767714300,UP,0.41,0.4,0.405,-0.009999999999999953
1767714747.414603,btc-updown-15m-1767714300,UP,0.39,0.38,0.385,-0.010000000000000009
1767714747.414718,btc-updown-15m-1767714300,DOWN,0.62,0.61,0.615,-0.010000000000000009
1767714748.7494059,btc-updown-15m-1767714300,DOWN,0.63,0.62,0.625,-0.010000000000000009
1767714748.749839,btc-updown-15m-1767714300,UP,0.38,0.37,0.375,-0.010000000000000009
1767714750.079813,btc-updown-15m-1767714300,DOWN,0.63,0.62,0.625,-0.010000000000000009
1767714750.080172,btc-updown-15m-1767714300,UP,0.38,0.37,0.375,-0.010000000000000009
1767714751.646111,btc-updown-15m-1767714300,DOWN,0.64,0.63,0.635,-0.010000000000000009
1767714751.646364,btc-updown-15m-1767714300,UP,0.37,0.36,0.365,-0.010000000000000009
1767714753.058403,btc-updown-15m-1767714300,DOWN,0.62,0.61,0.615,-0.010000000000000009
1767714753.0587862,btc-updown-15m-1767714300,UP,0.39,0.38,0.385,-0.010000000000000009
1767714754.420434,btc-updown-15m-1767714300,DOWN,0.63,0.62,0.625,-0.010000000000000009
1767714754.420626,btc-updown-15m-1767714300,UP,0.38,0.37,0.375,-0.010000000000000009
1767714755.750392,btc-updown-15m-1767714300,DOWN,0.64,0.63,0.635,-0.010000000000000009
1767714755.750884,btc-updown-15m-1767714300,UP,0.37,0.36,0.365,-0.010000000000000009
1767714757.083531,btc-updown-15m-1767714300,UP,0.37,0.34,0.355,-0.02999999999999997
1767714757.084141,btc-updown-15m-1767714300,DOWN,0.66,0.63,0.645,-0.030000000000000027
1767714758.416276,btc-updown-15m-1767714300,DOWN,0.62,0.61,0.615,-0.010000000000000009
1767714758.4165812,btc-updown-15m-1767714300,UP,0.39,0.38,0.385,-0.010000000000000009
1767714759.7529469,btc-updown-15m-1767714300,UP,0.39,0.38,0.385,-0.010000000000000009
1767714759.75403,btc-updown-15m-1767714300,DOWN,0.62,0.61,0.615,-0.010000000000000009
1767714761.1045928,btc-updown-15m-1767714300,DOWN,0.65,0.64,0.645,-0.010000000000000009
1767714761.105004,btc-updown-15m-1767714300,UP,0.36,0.35,0.355,-0.010000000000000009
1767714762.481869,btc-updown-15m-1767714300,UP,0.38,0.37,0.375,-0.010000000000000009
1767714762.482516,btc-updown-15m-1767714300,DOWN,0.63,0.62,0.625,-0.010000000000000009
1767714763.947059,btc-updown-15m-1767714300,DOWN,0.63,0.62,0.625,-0.010000000000000009
1767714763.947158,btc-updown-15m-1767714300,UP,0.38,0.37,0.375,-0.010000000000000009
1767714765.283772,btc-updown-15m-1767714300,DOWN,0.64,0.63,0.635,-0.010000000000000009
1767714765.2840178,btc-updown-15m-1767714300,UP,0.37,0.36,0.365,-0.010000000000000009
1767714766.72478,btc-updown-15m-1767714300,UP,0.37,0.36,0.365,-0.010000000000000009
1767714766.7269278,btc-updown-15m-1767714300,DOWN,0.64,0.63,0.635,-0.010000000000000009
1767714768.067978,btc-updown-15m-1767714300,DOWN,0.66,0.65,0.655,-0.010000000000000009
1767714768.068506,btc-updown-15m-1767714300,UP,0.35,0.34,0.345,-0.009999999999999953
1767714769.451984,btc-updown-15m-1767714300,DOWN,0.68,0.67,0.675,-0.010000000000000009
1767714769.4522638,btc-updown-15m-1767714300,UP,0.33,0.32,0.325,-0.010000000000000009
1767714770.779552,btc-updown-15m-1767714300,UP,0.35,0.34,0.345,-0.009999999999999953
1767714770.779979,btc-updown-15m-1767714300,DOWN,0.66,0.65,0.655,-0.010000000000000009
1767714772.122732,btc-updown-15m-1767714300,DOWN,0.66,0.65,0.655,-0.010000000000000009
1767714772.1234381,btc-updown-15m-1767714300,UP,0.35,0.34,0.345,-0.009999999999999953
1767714773.5442991,btc-updown-15m-1767714300,DOWN,0.66,0.65,0.655,-0.010000000000000009
1767714773.544415,btc-updown-15m-1767714300,UP,0.35,0.34,0.345,-0.009999999999999953
1767714775.228686,btc-updown-15m-1767714300,UP,0.35,0.34,0.345,-0.009999999999999953
1767714775.229147,btc-updown-15m-1767714300,DOWN,0.66,0.65,0.655,-0.010000000000000009
1767714776.558503,btc-updown-15m-1767714300,UP,0.33,0.32,0.325,-0.010000000000000009
1767714776.5597498,btc-updown-15m-1767714300,DOWN,0.68,0.67,0.675,-0.010000000000000009
1767714777.886375,btc-updown-15m-1767714300,UP,0.34,0.33,0.335,-0.010000000000000009
1767714777.8882198,btc-updown-15m-1767714300,DOWN,0.67,0.66,0.665,-0.010000000000000009
1767714779.218409,btc-updown-15m-1767714300,UP,0.33,0.32,0.325,-0.010000000000000009
1767714779.218883,btc-updown-15m-1767714300,DOWN,0.68,0.67,0.675,-0.010000000000000009
1767714780.552613,btc-updown-15m-1767714300,DOWN,0.61,0.6,0.605,-0.010000000000000009
1767714780.553308,btc-updown-15m-1767714300,UP,0.4,0.39,0.395,-0.010000000000000009
1767714781.885097,btc-updown-15m-1767714300,DOWN,0.58,0.57,0.575,-0.010000000000000009
1767714781.8855739,btc-updown-15m-1767714300,UP,0.43,0.42,0.425,-0.010000000000000009
1767714783.225952,btc-updown-15m-1767714300,DOWN,0.54,0.53,0.535,-0.010000000000000009
1767714783.226238,btc-updown-15m-1767714300,UP,0.47,0.46,0.46499999999999997,-0.009999999999999953
1767714784.6322439,btc-updown-15m-1767714300,DOWN,0.59,0.58,0.585,-0.010000000000000009
1767714784.632798,btc-updown-15m-1767714300,UP,0.42,0.41,0.415,-0.010000000000000009
1767714785.963729,btc-updown-15m-1767714300,UP,0.45,0.44,0.445,-0.010000000000000009
1767714785.964108,btc-updown-15m-1767714300,DOWN,0.56,0.55,0.555,-0.010000000000000009
1767714787.311028,btc-updown-15m-1767714300,DOWN,0.57,0.56,0.565,-0.009999999999999898
1767714787.31127,btc-updown-15m-1767714300,UP,0.44,0.43,0.435,-0.010000000000000009
1767714788.972081,btc-updown-15m-1767714300,UP,0.45,0.44,0.445,-0.010000000000000009
1767714788.972239,btc-updown-15m-1767714300,DOWN,0.56,0.55,0.555,-0.010000000000000009
1767714790.413951,btc-updown-15m-1767714300,UP,0.46,0.45,0.455,-0.010000000000000009
1767714790.414453,btc-updown-15m-1767714300,DOWN,0.55,0.54,0.545,-0.010000000000000009
1767714791.7500968,btc-updown-15m-1767714300,DOWN,0.56,0.55,0.555,-0.010000000000000009
1767714791.750606,btc-updown-15m-1767714300,UP,0.45,0.44,0.445,-0.010000000000000009
1767714793.111867,btc-updown-15m-1767714300,DOWN,0.55,0.54,0.545,-0.010000000000000009
1767714793.112324,btc-updown-15m-1767714300,UP,0.46,0.45,0.455,-0.010000000000000009
1767714794.4398909,btc-updown-15m-1767714300,DOWN,0.55,0.54,0.545,-0.010000000000000009
1767714794.440109,btc-updown-15m-1767714300,UP,0.46,0.45,0.455,-0.010000000000000009
1767714795.77148,btc-updown-15m-1767714300,UP,0.47,0.46,0.46499999999999997,-0.009999999999999953
1767714795.7719,btc-updown-15m-1767714300,DOWN,0.54,0.53,0.535,-0.010000000000000009
1767714797.114125,btc-updown-15m-1767714300,UP,0.45,0.44,0.445,-0.010000000000000009
1767714797.1143749,btc-updown-15m-1767714300,DOWN,0.56,0.55,0.555,-0.010000000000000009
1767714798.629885,btc-updown-15m-1767714300,DOWN,0.55,0.54,0.545,-0.010000000000000009
1767714798.630311,btc-updown-15m-1767714300,UP,0.46,0.45,0.455,-0.010000000000000009
1767714800.0284932,btc-updown-15m-1767714300,UP,0.44,0.42,0.43,-0.020000000000000018
1767714800.028873,btc-updown-15m-1767714300,DOWN,0.58,0.56,0.5700000000000001,-0.019999999999999907
1767714801.37125,btc-updown-15m-1767714300,UP,0.37,0.35,0.36,-0.020000000000000018
1767714801.371773,btc-updown-15m-1767714300,DOWN,0.65,0.64,0.645,-0.010000000000000009
1767714802.703943,btc-updown-15m-1767714300,UP,0.3,0.29,0.295,-0.010000000000000009
1767714802.7044759,btc-updown-15m-1767714300,DOWN,0.71,0.7,0.705,-0.010000000000000009
1767714804.039416,btc-updown-15m-1767714300,UP,0.33,0.31,0.32,-0.020000000000000018
1767714804.039753,btc-updown-15m-1767714300,DOWN,0.69,0.67,0.6799999999999999,-0.019999999999999907
1767714805.4074812,btc-updown-15m-1767714300,UP,0.36,0.35,0.355,-0.010000000000000009
1767714805.4077399,btc-updown-15m-1767714300,DOWN,0.65,0.64,0.645,-0.010000000000000009
1767714807.0531561,btc-updown-15m-1767714300,UP,0.41,0.4,0.405,-0.009999999999999953
1767714807.053201,btc-updown-15m-1767714300,DOWN,0.6,0.59,0.595,-0.010000000000000009
1767714808.414401,btc-updown-15m-1767714300,UP,0.41,0.4,0.405,-0.009999999999999953
1767714808.414592,btc-updown-15m-1767714300,DOWN,0.6,0.59,0.595,-0.010000000000000009
1767714809.752495,btc-updown-15m-1767714300,UP,0.38,0.37,0.375,-0.010000000000000009
1767714809.7528021,btc-updown-15m-1767714300,DOWN,0.63,0.62,0.625,-0.010000000000000009
1767714811.091074,btc-updown-15m-1767714300,UP,0.37,0.36,0.365,-0.010000000000000009
1767714811.091251,btc-updown-15m-1767714300,DOWN,0.64,0.63,0.635,-0.010000000000000009
1767714812.617753,btc-updown-15m-1767714300,DOWN,0.64,0.63,0.635,-0.010000000000000009
1767714812.6180868,btc-updown-15m-1767714300,UP,0.37,0.36,0.365,-0.010000000000000009
1767714813.958008,btc-updown-15m-1767714300,DOWN,0.65,0.64,0.645,-0.010000000000000009
1767714813.958279,btc-updown-15m-1767714300,UP,0.36,0.35,0.355,-0.010000000000000009
1767714815.286358,btc-updown-15m-1767714300,UP,0.36,0.35,0.355,-0.010000000000000009
1767714815.288466,btc-updown-15m-1767714300,DOWN,0.65,0.64,0.645,-0.010000000000000009
1767714816.619062,btc-updown-15m-1767714300,UP,0.41,0.4,0.405,-0.009999999999999953
1767714816.619505,btc-updown-15m-1767714300,DOWN,0.6,0.59,0.595,-0.010000000000000009
1767714818.0639071,btc-updown-15m-1767714300,UP,0.45,0.44,0.445,-0.010000000000000009
1767714818.064341,btc-updown-15m-1767714300,DOWN,0.56,0.55,0.555,-0.010000000000000009
1767714819.40607,btc-updown-15m-1767714300,UP,0.44,0.43,0.435,-0.010000000000000009
1767714819.4063811,btc-updown-15m-1767714300,DOWN,0.57,0.56,0.565,-0.009999999999999898
1767714820.755628,btc-updown-15m-1767714300,DOWN,0.57,0.56,0.565,-0.009999999999999898
1767714820.756035,btc-updown-15m-1767714300,UP,0.44,0.43,0.435,-0.010000000000000009
1767714822.083937,btc-updown-15m-1767714300,DOWN,0.57,0.56,0.565,-0.009999999999999898
1767714822.0841868,btc-updown-15m-1767714300,UP,0.44,0.43,0.435,-0.010000000000000009
1767714823.486614,btc-updown-15m-1767714300,DOWN,0.57,0.56,0.565,-0.009999999999999898
1767714823.486719,btc-updown-15m-1767714300,UP,0.44,0.43,0.435,-0.010000000000000009
1767714824.84355,btc-updown-15m-1767714300,UP,0.44,0.43,0.435,-0.010000000000000009
1767714824.8437681,btc-updown-15m-1767714300,DOWN,0.57,0.56,0.565,-0.009999999999999898
1767714826.316436,btc-updown-15m-1767714300,DOWN,0.57,0.56,0.565,-0.009999999999999898
1767714826.316732,btc-updown-15m-1767714300,UP,0.44,0.43,0.435,-0.010000000000000009
1767714827.6615949,btc-updown-15m-1767714300,UP,0.44,0.43,0.435,-0.010000000000000009
1767714827.661782,btc-updown-15m-1767714300,DOWN,0.57,0.56,0.565,-0.009999999999999898
1767714828.999373,btc-updown-15m-1767714300,DOWN,0.6,0.59,0.595,-0.010000000000000009
1767714828.99968,btc-updown-15m-1767714300,UP,0.41,0.4,0.405,-0.009999999999999953
1767714830.340947,btc-updown-15m-1767714300,UP,0.38,0.37,0.375,-0.010000000000000009
1767714830.341192,btc-updown-15m-1767714300,DOWN,0.63,0.62,0.625,-0.010000000000000009
1767714831.679053,btc-updown-15m-1767714300,UP,0.38,0.37,0.375,-0.010000000000000009
1767714831.6794949,btc-updown-15m-1767714300,DOWN,0.63,0.62,0.625,-0.010000000000000009
1767714833.011192,btc-updown-15m-1767714300,UP,0.38,0.37,0.375,-0.010000000000000009
1767714833.0115001,btc-updown-15m-1767714300,DOWN,0.63,0.62,0.625,-0.010000000000000009
1767714834.3440971,btc-updown-15m-1767714300,UP,0.36,0.35,0.355,-0.010000000000000009
1767714834.344239,btc-updown-15m-1767714300,DOWN,0.65,0.64,0.645,-0.010000000000000009
1767714835.759138,btc-updown-15m-1767714300,DOWN,0.64,0.63,0.635,-0.010000000000000009
1767714835.759168,btc-updown-15m-1767714300,UP,0.37,0.36,0.365,-0.010000000000000009
1767714837.093,btc-updown-15m-1767714300,DOWN,0.63,0.62,0.625,-0.010000000000000009
1767714837.093258,btc-updown-15m-1767714300,UP,0.38,0.37,0.375,-0.010000000000000009
1767714838.4405508,btc-updown-15m-1767714300,DOWN,0.62,0.61,0.615,-0.010000000000000009
1767714838.440674,btc-updown-15m-1767714300,UP,0.39,0.38,0.385,-0.010000000000000009
1767714839.7701492,btc-updown-15m-1767714300,DOWN,0.56,0.55,0.555,-0.010000000000000009
1767714839.7701912,btc-updown-15m-1767714300,UP,0.45,0.44,0.445,-0.010000000000000009
1767714841.5160608,btc-updown-15m-1767714300,UP,0.47,0.46,0.46499999999999997,-0.009999999999999953
1767714841.5166101,btc-updown-15m-1767714300,DOWN,0.54,0.53,0.535,-0.010000000000000009
1767714842.848524,btc-updown-15m-1767714300,DOWN,0.57,0.56,0.565,-0.009999999999999898
1767714842.848893,btc-updown-15m-1767714300,UP,0.44,0.43,0.435,-0.010000000000000009
1767714844.1828852,btc-updown-15m-1767714300,DOWN,0.57,0.56,0.565,-0.009999999999999898
1767714844.1835468,btc-updown-15m-1767714300,UP,0.44,0.43,0.435,-0.010000000000000009
1767714845.532396,btc-updown-15m-1767714300,DOWN,0.63,0.62,0.625,-0.010000000000000009
1767714845.533092,btc-updown-15m-1767714300,UP,0.38,0.37,0.375,-0.010000000000000009
1767714846.870852,btc-updown-15m-1767714300,UP,0.38,0.37,0.375,-0.010000000000000009
1767714846.871475,btc-updown-15m-1767714300,DOWN,0.63,0.62,0.625,-0.010000000000000009
1767714848.391358,btc-updown-15m-1767714300,DOWN,0.63,0.62,0.625,-0.010000000000000009
1767714848.391711,btc-updown-15m-1767714300,UP,0.38,0.37,0.375,-0.010000000000000009
1767714849.761266,btc-updown-15m-1767714300,DOWN,0.64,0.63,0.635,-0.010000000000000009
1767714849.761739,btc-updown-15m-1767714300,UP,0.37,0.36,0.365,-0.010000000000000009
1767714851.095326,btc-updown-15m-1767714300,DOWN,0.56,0.55,0.555,-0.010000000000000009
1767714851.0956402,btc-updown-15m-1767714300,UP,0.45,0.44,0.445,-0.010000000000000009
1767714852.609366,btc-updown-15m-1767714300,UP,0.48,0.47,0.475,-0.010000000000000009
1767714852.6095,btc-updown-15m-1767714300,DOWN,0.53,0.52,0.525,-0.010000000000000009
1767714853.979594,btc-updown-15m-1767714300,UP,0.48,0.47,0.475,-0.010000000000000009
1767714853.980309,btc-updown-15m-1767714300,DOWN,0.53,0.52,0.525,-0.010000000000000009
1767714855.339159,btc-updown-15m-1767714300,DOWN,0.55,0.54,0.545,-0.010000000000000009
1767714855.339563,btc-updown-15m-1767714300,UP,0.46,0.45,0.455,-0.010000000000000009
1767714856.735305,btc-updown-15m-1767714300,UP,0.45,0.44,0.445,-0.010000000000000009
1767714856.735497,btc-updown-15m-1767714300,DOWN,0.56,0.55,0.555,-0.010000000000000009
1767714858.065723,btc-updown-15m-1767714300,DOWN,0.56,0.55,0.555,-0.010000000000000009
1767714858.065763,btc-updown-15m-1767714300,UP,0.45,0.44,0.445,-0.010000000000000009
1767714859.4133172,btc-updown-15m-1767714300,DOWN,0.54,0.53,0.535,-0.010000000000000009
1767714859.4137118,btc-updown-15m-1767714300,UP,0.47,0.46,0.46499999999999997,-0.009999999999999953
1767714860.742221,btc-updown-15m-1767714300,DOWN,0.55,0.54,0.545,-0.010000000000000009
1767714860.742364,btc-updown-15m-1767714300,UP,0.46,0.45,0.455,-0.010000000000000009
1767714862.115903,btc-updown-15m-1767714300,UP,0.52,0.5,0.51,-0.020000000000000018
1767714862.1161191,btc-updown-15m-1767714300,DOWN,0.5,0.49,0.495,-0.010000000000000009
1767714863.4474938,btc-updown-15m-1767714300,UP,0.5,0.49,0.495,-0.010000000000000009
1767714863.447598,btc-updown-15m-1767714300,DOWN,0.51,0.5,0.505,-0.010000000000000009
1767714864.795043,btc-updown-15m-1767714300,DOWN,0.49,0.48,0.485,-0.010000000000000009
1767714864.795341,btc-updown-15m-1767714300,UP,0.52,0.51,0.515,-0.010000000000000009
1767714866.315577,btc-updown-15m-1767714300,UP,0.54,0.53,0.535,-0.010000000000000009
1767714866.315661,btc-updown-15m-1767714300,DOWN,0.47,0.46,0.46499999999999997,-0.009999999999999953
1767714867.674052,btc-updown-15m-1767714300,UP,0.53,0.52,0.525,-0.010000000000000009
1767714867.674568,btc-updown-15m-1767714300,DOWN,0.48,0.47,0.475,-0.010000000000000009
1767714869.007225,btc-updown-15m-1767714300,UP,0.51,0.5,0.505,-0.010000000000000009
1767714869.007561,btc-updown-15m-1767714300,DOWN,0.5,0.49,0.495,-0.010000000000000009
1767714870.338248,btc-updown-15m-1767714300,UP,0.49,0.48,0.485,-0.010000000000000009
1767714870.338402,btc-updown-15m-1767714300,DOWN,0.52,0.51,0.515,-0.010000000000000009
1767714871.759525,btc-updown-15m-1767714300,DOWN,0.55,0.54,0.545,-0.010000000000000009
1767714871.760054,btc-updown-15m-1767714300,UP,0.46,0.45,0.455,-0.010000000000000009
1767714873.4836822,btc-updown-15m-1767714300,UP,0.47,0.46,0.46499999999999997,-0.009999999999999953
1767714873.4848,btc-updown-15m-1767714300,DOWN,0.54,0.53,0.535,-0.010000000000000009
1767714874.821331,btc-updown-15m-1767714300,UP,0.46,0.45,0.455,-0.010000000000000009
1767714874.821722,btc-updown-15m-1767714300,DOWN,0.55,0.54,0.545,-0.010000000000000009
1767714876.151222,btc-updown-15m-1767714300,DOWN,0.5,0.49,0.495,-0.010000000000000009
1767714876.151438,btc-updown-15m-1767714300,UP,0.51,0.5,0.505,-0.010000000000000009
1767714877.481693,btc-updown-15m-1767714300,UP,0.51,0.5,0.505,-0.010000000000000009
1767714877.484907,btc-updown-15m-1767714300,DOWN,0.5,0.49,0.495,-0.010000000000000009
1767714878.818464,btc-updown-15m-1767714300,DOWN,0.49,0.48,0.485,-0.010000000000000009
1767714878.8185952,btc-updown-15m-1767714300,UP,0.52,0.51,0.515,-0.010000000000000009
1767714880.160195,btc-updown-15m-1767714300,UP,0.55,0.54,0.545,-0.010000000000000009
1767714880.1604,btc-updown-15m-1767714300,DOWN,0.46,0.45,0.455,-0.010000000000000009
1767714881.511124,btc-updown-15m-1767714300,DOWN,0.43,0.42,0.425,-0.010000000000000009
1767714881.5119019,btc-updown-15m-1767714300,UP,0.58,0.57,0.575,-0.010000000000000009
1767714882.853276,btc-updown-15m-1767714300,UP,0.57,0.56,0.565,-0.009999999999999898
1767714882.853399,btc-updown-15m-1767714300,DOWN,0.44,0.43,0.435,-0.010000000000000009
1767714884.195677,btc-updown-15m-1767714300,DOWN,0.44,0.43,0.435,-0.010000000000000009
1767714884.1959748,btc-updown-15m-1767714300,UP,0.57,0.56,0.565,-0.009999999999999898
1767714885.5384362,btc-updown-15m-1767714300,UP,0.57,0.56,0.565,-0.009999999999999898
1767714885.539032,btc-updown-15m-1767714300,DOWN,0.44,0.43,0.435,-0.010000000000000009
1767714887.069793,btc-updown-15m-1767714300,UP,0.54,0.53,0.535,-0.010000000000000009
1767714887.07014,btc-updown-15m-1767714300,DOWN,0.47,0.46,0.46499999999999997,-0.009999999999999953
1767714888.398025,btc-updown-15m-1767714300,UP,0.53,0.52,0.525,-0.010000000000000009
1767714888.398154,btc-updown-15m-1767714300,DOWN,0.48,0.47,0.475,-0.010000000000000009
1767714889.7297149,btc-updown-15m-1767714300,UP,0.52,0.51,0.515,-0.010000000000000009
1767714889.729813,btc-updown-15m-1767714300,DOWN,0.49,0.48,0.485,-0.010000000000000009
1767714891.068146,btc-updown-15m-1767714300,UP,0.51,0.5,0.505,-0.010000000000000009
1767714891.068318,btc-updown-15m-1767714300,DOWN,0.5,0.49,0.495,-0.010000000000000009
1767714892.411114,btc-updown-15m-1767714300,DOWN,0.51,0.5,0.505,-0.010000000000000009
1767714892.4114602,btc-updown-15m-1767714300,UP,0.5,0.49,0.495,-0.010000000000000009
1767714893.913733,btc-updown-15m-1767714300,DOWN,0.51,0.49,0.5,-0.020000000000000018
1767714893.914261,btc-updown-15m-1767714300,UP,0.51,0.49,0.5,-0.020000000000000018
1767714895.247103,btc-updown-15m-1767714300,DOWN,0.52,0.51,0.515,-0.010000000000000009
1767714895.247639,btc-updown-15m-1767714300,UP,0.49,0.48,0.485,-0.010000000000000009
1767714896.694698,btc-updown-15m-1767714300,DOWN,0.52,0.51,0.515,-0.010000000000000009
1767714896.6956959,btc-updown-15m-1767714300,UP,0.49,0.48,0.485,-0.010000000000000009
1767714898.072057,btc-updown-15m-1767714300,DOWN,0.47,0.46,0.46499999999999997,-0.009999999999999953
1767714898.072103,btc-updown-15m-1767714300,UP,0.54,0.53,0.535,-0.010000000000000009
1767714899.398379,btc-updown-15m-1767714300,UP,0.59,0.58,0.585,-0.010000000000000009
1767714899.406924,btc-updown-15m-1767714300,DOWN,0.42,0.41,0.415,-0.010000000000000009
1767714900.732037,btc-updown-15m-1767714300,UP,0.58,0.57,0.575,-0.010000000000000009
1767714900.7323961,btc-updown-15m-1767714300,DOWN,0.43,0.42,0.425,-0.010000000000000009
1767714902.063499,btc-updown-15m-1767714300,UP,0.55,0.54,0.545,-0.010000000000000009
1767714902.0637429,btc-updown-15m-1767714300,DOWN,0.46,0.45,0.455,-0.010000000000000009
1767714903.401163,btc-updown-15m-1767714300,DOWN,0.49,0.48,0.485,-0.010000000000000009
1767714903.4014442,btc-updown-15m-1767714300,UP,0.52,0.51,0.515,-0.010000000000000009
1767714904.739022,btc-updown-15m-1767714300,DOWN,0.5,0.49,0.495,-0.010000000000000009
1767714904.739233,btc-updown-15m-1767714300,UP,0.51,0.5,0.505,-0.010000000000000009
1767714906.073924,btc-updown-15m-1767714300,UP,0.5,0.49,0.495,-0.010000000000000009
1767714906.074112,btc-updown-15m-1767714300,DOWN,0.51,0.5,0.505,-0.010000000000000009
1767714907.412079,btc-updown-15m-1767714300,UP,0.5,0.49,0.495,-0.010000000000000009
1767714907.4124842,btc-updown-15m-1767714300,DOWN,0.51,0.5,0.505,-0.010000000000000009
1767714908.872172,btc-updown-15m-1767714300,UP,0.47,0.46,0.46499999999999997,-0.009999999999999953
1767714908.8725178,btc-updown-15m-1767714300,DOWN,0.54,0.53,0.535,-0.010000000000000009
1767714910.2085571,btc-updown-15m-1767714300,UP,0.46,0.45,0.455,-0.010000000000000009
1767714910.20864,btc-updown-15m-1767714300,DOWN,0.55,0.54,0.545,-0.010000000000000009
1767714911.5525172,btc-updown-15m-1767714300,UP,0.31,0.3,0.305,-0.010000000000000009
1767714911.552587,btc-updown-15m-1767714300,DOWN,0.7,0.69,0.695,-0.010000000000000009
1767714912.900704,btc-updown-15m-1767714300,UP,0.33,0.32,0.325,-0.010000000000000009
1767714912.900894,btc-updown-15m-1767714300,DOWN,0.68,0.67,0.675,-0.010000000000000009
1767714914.230676,btc-updown-15m-1767714300,DOWN,0.66,0.65,0.655,-0.010000000000000009
1767714914.231304,btc-updown-15m-1767714300,UP,0.35,0.34,0.345,-0.009999999999999953
1767714915.825907,btc-updown-15m-1767714300,DOWN,0.64,0.63,0.635,-0.010000000000000009
1767714915.826297,btc-updown-15m-1767714300,UP,0.37,0.36,0.365,-0.010000000000000009
1767714917.161012,btc-updown-15m-1767714300,UP,0.38,0.37,0.375,-0.010000000000000009
1767714917.161628,btc-updown-15m-1767714300,DOWN,0.63,0.62,0.625,-0.010000000000000009
1767714918.5309272,btc-updown-15m-1767714300,UP,0.45,0.44,0.445,-0.010000000000000009
1767714918.5314791,btc-updown-15m-1767714300,DOWN,0.56,0.55,0.555,-0.010000000000000009
1767714919.8811789,btc-updown-15m-1767714300,UP,0.42,0.41,0.415,-0.010000000000000009
1767714919.881623,btc-updown-15m-1767714300,DOWN,0.59,0.58,0.585,-0.010000000000000009
1767714921.2091699,btc-updown-15m-1767714300,DOWN,0.59,0.58,0.585,-0.010000000000000009
1767714921.209257,btc-updown-15m-1767714300,UP,0.42,0.41,0.415,-0.010000000000000009
1767714922.6506398,btc-updown-15m-1767714300,DOWN,0.62,0.61,0.615,-0.010000000000000009
1767714922.650958,btc-updown-15m-1767714300,UP,0.39,0.38,0.385,-0.010000000000000009
1767714924.229991,btc-updown-15m-1767714300,DOWN,0.66,0.65,0.655,-0.010000000000000009
1767714924.230434,btc-updown-15m-1767714300,UP,0.35,0.34,0.345,-0.009999999999999953
1767714925.567497,btc-updown-15m-1767714300,DOWN,0.66,0.65,0.655,-0.010000000000000009
1767714925.567863,btc-updown-15m-1767714300,UP,0.35,0.34,0.345,-0.009999999999999953
1767714926.8951051,btc-updown-15m-1767714300,DOWN,0.64,0.63,0.635,-0.010000000000000009
1767714926.907744,btc-updown-15m-1767714300,UP,0.37,0.36,0.365,-0.010000000000000009
1767714928.472924,btc-updown-15m-1767714300,UP,0.35,0.34,0.345,-0.009999999999999953
1767714928.4732502,btc-updown-15m-1767714300,DOWN,0.66,0.65,0.655,-0.010000000000000009
1767714929.8081439,btc-updown-15m-1767714300,UP,0.35,0.34,0.345,-0.009999999999999953
1767714929.808508,btc-updown-15m-1767714300,DOWN,0.66,0.65,0.655,-0.010000000000000009
1767714931.1376152,btc-updown-15m-1767714300,DOWN,0.66,0.65,0.655,-0.010000000000000009
1767714931.1377778,btc-updown-15m-1767714300,UP,0.35,0.34,0.345,-0.009999999999999953
1767714932.5536299,btc-updown-15m-1767714300,UP,0.32,0.31,0.315,-0.010000000000000009
1767714932.5539122,btc-updown-15m-1767714300,DOWN,0.69,0.68,0.685,-0.009999999999999898
1767714933.878222,btc-updown-15m-1767714300,UP,0.33,0.32,0.325,-0.010000000000000009
1767714933.882973,btc-updown-15m-1767714300,DOWN,0.68,0.67,0.675,-0.010000000000000009
1767714935.2301812,btc-updown-15m-1767714300,DOWN,0.59,0.58,0.585,-0.010000000000000009
1767714935.2307048,btc-updown-15m-1767714300,UP,0.42,0.41,0.415,-0.010000000000000009
1767714936.56176,btc-updown-15m-1767714300,UP,0.46,0.45,0.455,-0.010000000000000009
1767714936.5617971,btc-updown-15m-1767714300,DOWN,0.55,0.54,0.545,-0.010000000000000009
1767714937.891583,btc-updown-15m-1767714300,UP,0.5,0.49,0.495,-0.010000000000000009
1767714937.891746,btc-updown-15m-1767714300,DOWN,0.51,0.5,0.505,-0.010000000000000009
1767714939.2281642,btc-updown-15m-1767714300,DOWN,0.52,0.51,0.515,-0.010000000000000009
1767714939.2287948,btc-updown-15m-1767714300,UP,0.49,0.48,0.485,-0.010000000000000009
1767714940.555767,btc-updown-15m-1767714300,DOWN,0.52,0.51,0.515,-0.010000000000000009
1767714940.560524,btc-updown-15m-1767714300,UP,0.49,0.48,0.485,-0.010000000000000009
1767714942.1785321,btc-updown-15m-1767714300,DOWN,0.53,0.52,0.525,-0.010000000000000009
1767714942.1795928,btc-updown-15m-1767714300,UP,0.48,0.47,0.475,-0.010000000000000009
1767714943.5515661,btc-updown-15m-1767714300,DOWN,0.53,0.52,0.525,-0.010000000000000009
1767714943.551636,btc-updown-15m-1767714300,UP,0.48,0.47,0.475,-0.010000000000000009
1767714944.889651,btc-updown-15m-1767714300,UP,0.49,0.47,0.48,-0.020000000000000018
1767714944.890372,btc-updown-15m-1767714300,DOWN,0.53,0.51,0.52,-0.020000000000000018
1767714946.236415,btc-updown-15m-1767714300,UP,0.46,0.45,0.455,-0.010000000000000009
1767714946.236772,btc-updown-15m-1767714300,DOWN,0.55,0.54,0.545,-0.010000000000000009
1767714947.5695202,btc-updown-15m-1767714300,DOWN,0.57,0.56,0.565,-0.009999999999999898
1767714947.56967,btc-updown-15m-1767714300,UP,0.44,0.43,0.435,-0.010000000000000009
1767714948.914976,btc-updown-15m-1767714300,UP,0.45,0.44,0.445,-0.010000000000000009
1767714948.91521,btc-updown-15m-1767714300,DOWN,0.56,0.55,0.555,-0.010000000000000009
1767714950.562318,btc-updown-15m-1767714300,DOWN,0.52,0.51,0.515,-0.010000000000000009
1767714950.562648,btc-updown-15m-1767714300,UP,0.49,0.48,0.485,-0.010000000000000009
1767714951.8936908,btc-updown-15m-1767714300,UP,0.49,0.48,0.485,-0.010000000000000009
1767714951.893928,btc-updown-15m-1767714300,DOWN,0.52,0.51,0.515,-0.010000000000000009
1767714953.251471,btc-updown-15m-1767714300,DOWN,0.56,0.55,0.555,-0.010000000000000009
1767714953.2517602,btc-updown-15m-1767714300,UP,0.45,0.44,0.445,-0.010000000000000009
1767714954.617475,btc-updown-15m-1767714300,DOWN,0.6,0.59,0.595,-0.010000000000000009
1767714954.618033,btc-updown-15m-1767714300,UP,0.41,0.4,0.405,-0.009999999999999953
1767714955.9577181,btc-updown-15m-1767714300,DOWN,0.64,0.63,0.635,-0.010000000000000009
1767714955.9584231,btc-updown-15m-1767714300,UP,0.37,0.36,0.365,-0.010000000000000009
1767714957.2842891,btc-updown-15m-1767714300,DOWN,0.65,0.63,0.64,-0.020000000000000018
1767714957.284655,btc-updown-15m-1767714300,UP,0.37,0.35,0.36,-0.020000000000000018
1767714958.6134882,btc-updown-15m-1767714300,UP,0.33,0.32,0.325,-0.010000000000000009
1767714958.617111,btc-updown-15m-1767714300,DOWN,0.68,0.67,0.675,-0.010000000000000009
1767714960.2056751,btc-updown-15m-1767714300,UP,0.32,0.31,0.315,-0.010000000000000009
1767714960.206202,btc-updown-15m-1767714300,DOWN,0.69,0.68,0.685,-0.009999999999999898
1767714962.12516,btc-updown-15m-1767714300,UP,0.31,0.3,0.305,-0.010000000000000009
1767714962.125539,btc-updown-15m-1767714300,DOWN,0.7,0.69,0.695,-0.010000000000000009
1767714963.650581,btc-updown-15m-1767714300,UP,0.32,0.31,0.315,-0.010000000000000009
1767714963.650859,btc-updown-15m-1767714300,DOWN,0.69,0.68,0.685,-0.009999999999999898
1767714964.992327,btc-updown-15m-1767714300,UP,0.3,0.28,0.29000000000000004,-0.019999999999999962
1767714964.992606,btc-updown-15m-1767714300,DOWN,0.72,0.7,0.71,-0.020000000000000018
1767714966.398453,btc-updown-15m-1767714300,DOWN,0.71,0.7,0.705,-0.010000000000000009
1767714966.398562,btc-updown-15m-1767714300,UP,0.31,0.29,0.3,-0.020000000000000018
1767714967.741181,btc-updown-15m-1767714300,UP,0.28,0.27,0.275,-0.010000000000000009
1767714967.741467,btc-updown-15m-1767714300,DOWN,0.73,0.72,0.725,-0.010000000000000009
1767714969.1194549,btc-updown-15m-1767714300,DOWN,0.73,0.72,0.725,-0.010000000000000009
1767714969.119798,btc-updown-15m-1767714300,UP,0.28,0.27,0.275,-0.010000000000000009
1767714970.465039,btc-updown-15m-1767714300,UP,0.33,0.32,0.325,-0.010000000000000009
1767714970.4653199,btc-updown-15m-1767714300,DOWN,0.68,0.67,0.675,-0.010000000000000009
1767714971.878169,btc-updown-15m-1767714300,UP,0.31,0.3,0.305,-0.010000000000000009
1767714971.878526,btc-updown-15m-1767714300,DOWN,0.71,0.7,0.705,-0.010000000000000009
1767714973.218863,btc-updown-15m-1767714300,UP,0.3,0.29,0.295,-0.010000000000000009
1767714973.219106,btc-updown-15m-1767714300,DOWN,0.71,0.7,0.705,-0.010000000000000009
1767714974.557746,btc-updown-15m-1767714300,UP,0.33,0.31,0.32,-0.020000000000000018
1767714974.5582452,btc-updown-15m-1767714300,DOWN,0.69,0.67,0.6799999999999999,-0.019999999999999907
1767714975.9699478,btc-updown-15m-1767714300,DOWN,0.69,0.68,0.685,-0.009999999999999898
1767714975.9699829,btc-updown-15m-1767714300,UP,0.32,0.31,0.315,-0.010000000000000009
1767714977.3050199,btc-updown-15m-1767714300,DOWN,0.7,0.69,0.695,-0.010000000000000009
1767714977.3052642,btc-updown-15m-1767714300,UP,0.31,0.3,0.305,-0.010000000000000009
1767714978.658459,btc-updown-15m-1767714300,DOWN,0.67,0.66,0.665,-0.010000000000000009
1767714978.661234,btc-updown-15m-1767714300,UP,0.34,0.33,0.335,-0.010000000000000009
1767714980.001685,btc-updown-15m-1767714300,DOWN,0.69,0.68,0.685,-0.009999999999999898
1767714980.0018802,btc-updown-15m-1767714300,UP,0.32,0.31,0.315,-0.010000000000000009
1767714981.3304052,btc-updown-15m-1767714300,DOWN,0.69,0.67,0.6799999999999999,-0.019999999999999907
1767714981.3309078,btc-updown-15m-1767714300,UP,0.33,0.31,0.32,-0.020000000000000018
1767714983.0610938,btc-updown-15m-1767714300,UP,0.36,0.35,0.355,-0.010000000000000009
1767714983.061265,btc-updown-15m-1767714300,DOWN,0.65,0.64,0.645,-0.010000000000000009
1767714984.415167,btc-updown-15m-1767714300,UP,0.32,0.31,0.315,-0.010000000000000009
1767714984.415382,btc-updown-15m-1767714300,DOWN,0.69,0.68,0.685,-0.009999999999999898
1767714985.983381,btc-updown-15m-1767714300,DOWN,0.7,0.69,0.695,-0.010000000000000009
1767714985.986433,btc-updown-15m-1767714300,UP,0.31,0.3,0.305,-0.010000000000000009
1767714987.318135,btc-updown-15m-1767714300,DOWN,0.64,0.63,0.635,-0.010000000000000009
1767714987.31851,btc-updown-15m-1767714300,UP,0.37,0.36,0.365,-0.010000000000000009
1767714988.646133,btc-updown-15m-1767714300,DOWN,0.53,0.52,0.525,-0.010000000000000009
1767714988.646212,btc-updown-15m-1767714300,UP,0.48,0.47,0.475,-0.010000000000000009
1767714989.97604,btc-updown-15m-1767714300,UP,0.41,0.4,0.405,-0.009999999999999953
1767714989.976133,btc-updown-15m-1767714300,DOWN,0.6,0.59,0.595,-0.010000000000000009
1767714991.3813062,btc-updown-15m-1767714300,DOWN,0.64,0.63,0.635,-0.010000000000000009
1767714991.381363,btc-updown-15m-1767714300,UP,0.37,0.36,0.365,-0.010000000000000009
1767714992.801434,btc-updown-15m-1767714300,DOWN,0.66,0.65,0.655,-0.010000000000000009
1767714992.801985,btc-updown-15m-1767714300,UP,0.35,0.34,0.345,-0.009999999999999953
1767714994.315426,btc-updown-15m-1767714300,DOWN,0.68,0.67,0.675,-0.010000000000000009
1767714994.315746,btc-updown-15m-1767714300,UP,0.33,0.32,0.325,-0.010000000000000009
1767714995.649842,btc-updown-15m-1767714300,UP,0.35,0.34,0.345,-0.009999999999999953
1767714995.649966,btc-updown-15m-1767714300,DOWN,0.66,0.65,0.655,-0.010000000000000009
1767714996.981067,btc-updown-15m-1767714300,UP,0.39,0.38,0.385,-0.010000000000000009
1767714996.981205,btc-updown-15m-1767714300,DOWN,0.62,0.61,0.615,-0.010000000000000009
1767714998.314251,btc-updown-15m-1767714300,UP,0.38,0.37,0.375,-0.010000000000000009
1767714998.314278,btc-updown-15m-1767714300,DOWN,0.63,0.62,0.625,-0.010000000000000009
1767714999.857861,btc-updown-15m-1767714300,UP,0.37,0.36,0.365,-0.010000000000000009
1767714999.8580549,btc-updown-15m-1767714300,DOWN,0.64,0.63,0.635,-0.010000000000000009
1767715001.190994,btc-updown-15m-1767714300,DOWN,0.63,0.62,0.625,-0.010000000000000009
1767715001.191134,btc-updown-15m-1767714300,UP,0.38,0.37,0.375,-0.010000000000000009
1767715002.581026,btc-updown-15m-1767714300,UP,0.38,0.37,0.375,-0.010000000000000009
1767715002.581252,btc-updown-15m-1767714300,DOWN,0.63,0.62,0.625,-0.010000000000000009
1767715003.907208,btc-updown-15m-1767714300,DOWN,0.64,0.63,0.635,-0.010000000000000009
1767715003.907995,btc-updown-15m-1767714300,UP,0.37,0.36,0.365,-0.010000000000000009
1767715005.23515,btc-updown-15m-1767714300,DOWN,0.52,0.51,0.515,-0.010000000000000009
1767715005.235282,btc-updown-15m-1767714300,UP,0.49,0.48,0.485,-0.010000000000000009
1767715006.5702322,btc-updown-15m-1767714300,DOWN,0.55,0.53,0.54,-0.020000000000000018
1767715006.57055,btc-updown-15m-1767714300,UP,0.47,0.45,0.45999999999999996,-0.019999999999999962
1767715007.9065752,btc-updown-15m-1767714300,DOWN,0.55,0.54,0.545,-0.010000000000000009
1767715007.9070048,btc-updown-15m-1767714300,UP,0.46,0.45,0.455,-0.010000000000000009
1767715009.3038862,btc-updown-15m-1767714300,DOWN,0.56,0.55,0.555,-0.010000000000000009
1767715009.304049,btc-updown-15m-1767714300,UP,0.45,0.44,0.445,-0.010000000000000009
1767715010.663674,btc-updown-15m-1767714300,DOWN,0.59,0.58,0.585,-0.010000000000000009
1767715010.66373,btc-updown-15m-1767714300,UP,0.42,0.41,0.415,-0.010000000000000009
1767715012.0059588,btc-updown-15m-1767714300,DOWN,0.56,0.55,0.555,-0.010000000000000009
1767715012.006124,btc-updown-15m-1767714300,UP,0.45,0.44,0.445,-0.010000000000000009
1767715013.5614872,btc-updown-15m-1767714300,DOWN,0.55,0.54,0.545,-0.010000000000000009
1767715013.561512,btc-updown-15m-1767714300,UP,0.46,0.45,0.455,-0.010000000000000009
1767715014.974365,btc-updown-15m-1767714300,UP,0.43,0.42,0.425,-0.010000000000000009
1767715014.974622,btc-updown-15m-1767714300,DOWN,0.59,0.57,0.58,-0.020000000000000018
1767715016.310047,btc-updown-15m-1767714300,UP,0.41,0.4,0.405,-0.009999999999999953
1767715016.3101308,btc-updown-15m-1767714300,DOWN,0.6,0.59,0.595,-0.010000000000000009
1767715017.965007,btc-updown-15m-1767714300,UP,0.41,0.4,0.405,-0.009999999999999953
1767715017.9653702,btc-updown-15m-1767714300,DOWN,0.6,0.59,0.595,-0.010000000000000009
1767715019.3168871,btc-updown-15m-1767714300,DOWN,0.58,0.57,0.575,-0.010000000000000009
1767715019.317064,btc-updown-15m-1767714300,UP,0.43,0.42,0.425,-0.010000000000000009
1767715020.65815,btc-updown-15m-1767714300,DOWN,0.61,0.6,0.605,-0.010000000000000009
1767715020.658305,btc-updown-15m-1767714300,UP,0.4,0.39,0.395,-0.010000000000000009
1767715021.993676,btc-updown-15m-1767714300,DOWN,0.62,0.61,0.615,-0.010000000000000009
1767715021.994456,btc-updown-15m-1767714300,UP,0.39,0.38,0.385,-0.010000000000000009
1767715023.339842,btc-updown-15m-1767714300,UP,0.44,0.43,0.435,-0.010000000000000009
1767715023.340217,btc-updown-15m-1767714300,DOWN,0.57,0.56,0.565,-0.009999999999999898
1767715024.66611,btc-updown-15m-1767714300,DOWN,0.54,0.53,0.535,-0.010000000000000009
1767715024.666372,btc-updown-15m-1767714300,UP,0.47,0.46,0.46499999999999997,-0.009999999999999953
1767715025.993248,btc-updown-15m-1767714300,UP,0.4,0.39,0.395,-0.010000000000000009
1767715025.993572,btc-updown-15m-1767714300,DOWN,0.61,0.6,0.605,-0.010000000000000009
1767715027.370307,btc-updown-15m-1767714300,UP,0.44,0.43,0.435,-0.010000000000000009
1767715027.37085,btc-updown-15m-1767714300,DOWN,0.57,0.56,0.565,-0.009999999999999898
1767715028.7095199,btc-updown-15m-1767714300,UP,0.44,0.43,0.435,-0.010000000000000009
1767715028.709596,btc-updown-15m-1767714300,DOWN,0.57,0.56,0.565,-0.009999999999999898
1767715030.0442638,btc-updown-15m-1767714300,UP,0.43,0.42,0.425,-0.010000000000000009
1767715030.044538,btc-updown-15m-1767714300,DOWN,0.58,0.57,0.575,-0.010000000000000009
1767715031.37587,btc-updown-15m-1767714300,DOWN,0.58,0.57,0.575,-0.010000000000000009
1767715031.376019,btc-updown-15m-1767714300,UP,0.43,0.42,0.425,-0.010000000000000009
1767715032.704315,btc-updown-15m-1767714300,DOWN,0.56,0.55,0.555,-0.010000000000000009
1767715032.704479,btc-updown-15m-1767714300,UP,0.45,0.44,0.445,-0.010000000000000009
1767715034.165514,btc-updown-15m-1767714300,DOWN,0.42,0.41,0.415,-0.010000000000000009
1767715034.165684,btc-updown-15m-1767714300,UP,0.6,0.59,0.595,-0.010000000000000009
1767715035.525084,btc-updown-15m-1767714300,UP,0.67,0.66,0.665,-0.010000000000000009
1767715035.5251908,btc-updown-15m-1767714300,DOWN,0.34,0.33,0.335,-0.010000000000000009
1767715036.850229,btc-updown-15m-1767714300,DOWN,0.34,0.32,0.33,-0.020000000000000018
1767715036.942185,btc-updown-15m-1767714300,UP,0.68,0.67,0.675,-0.010000000000000009
1767715038.286338,btc-updown-15m-1767714300,DOWN,0.3,0.29,0.295,-0.010000000000000009
1767715038.286507,btc-updown-15m-1767714300,UP,0.7,0.69,0.695,-0.010000000000000009
1767715039.774388,btc-updown-15m-1767714300,UP,0.71,0.69,0.7,-0.020000000000000018
1767715039.7746282,btc-updown-15m-1767714300,DOWN,0.3,0.29,0.295,-0.010000000000000009
1767715041.0997791,btc-updown-15m-1767714300,UP,0.73,0.7,0.715,-0.030000000000000027
1767715041.0998049,btc-updown-15m-1767714300,DOWN,0.3,0.27,0.28500000000000003,-0.02999999999999997
1767715042.434112,btc-updown-15m-1767714300,DOWN,0.28,0.27,0.275,-0.010000000000000009
1767715042.434242,btc-updown-15m-1767714300,UP,0.73,0.72,0.725,-0.010000000000000009
1767715043.76803,btc-updown-15m-1767714300,DOWN,0.31,0.28,0.29500000000000004,-0.02999999999999997
1767715043.768558,btc-updown-15m-1767714300,UP,0.72,0.69,0.705,-0.030000000000000027
1767715045.109937,btc-updown-15m-1767714300,UP,0.72,0.7,0.71,-0.020000000000000018
1767715045.110199,btc-updown-15m-1767714300,DOWN,0.3,0.28,0.29000000000000004,-0.019999999999999962
1767715046.45754,btc-updown-15m-1767714300,UP,0.64,0.63,0.635,-0.010000000000000009
1767715046.457911,btc-updown-15m-1767714300,DOWN,0.37,0.35,0.36,-0.020000000000000018
1767715048.0310662,btc-updown-15m-1767714300,DOWN,0.37,0.36,0.365,-0.010000000000000009
1767715048.031159,btc-updown-15m-1767714300,UP,0.64,0.63,0.635,-0.010000000000000009
1767715049.3773792,btc-updown-15m-1767714300,DOWN,0.34,0.33,0.335,-0.010000000000000009
1767715049.377478,btc-updown-15m-1767714300,UP,0.67,0.66,0.665,-0.010000000000000009
1767715050.710521,btc-updown-15m-1767714300,UP,0.7,0.69,0.695,-0.010000000000000009
1767715050.710616,btc-updown-15m-1767714300,DOWN,0.31,0.3,0.305,-0.010000000000000009
1767715052.049479,btc-updown-15m-1767714300,DOWN,0.27,0.26,0.265,-0.010000000000000009
1767715052.0500941,btc-updown-15m-1767714300,UP,0.74,0.73,0.735,-0.010000000000000009
1767715053.379207,btc-updown-15m-1767714300,UP,0.71,0.7,0.705,-0.010000000000000009
1767715053.379583,btc-updown-15m-1767714300,DOWN,0.3,0.29,0.295,-0.010000000000000009
1767715054.726706,btc-updown-15m-1767714300,DOWN,0.21,0.2,0.20500000000000002,-0.009999999999999981
1767715054.726943,btc-updown-15m-1767714300,UP,0.8,0.79,0.795,-0.010000000000000009
1767715056.0650291,btc-updown-15m-1767714300,DOWN,0.22,0.21,0.215,-0.010000000000000009
1767715056.065624,btc-updown-15m-1767714300,UP,0.79,0.78,0.785,-0.010000000000000009
1767715057.393353,btc-updown-15m-1767714300,DOWN,0.22,0.21,0.215,-0.010000000000000009
1767715057.399117,btc-updown-15m-1767714300,UP,0.79,0.78,0.785,-0.010000000000000009
1767715058.923192,btc-updown-15m-1767714300,DOWN,0.21,0.2,0.20500000000000002,-0.009999999999999981
1767715058.923559,btc-updown-15m-1767714300,UP,0.8,0.79,0.795,-0.010000000000000009
1767715060.256792,btc-updown-15m-1767714300,UP,0.8,0.79,0.795,-0.010000000000000009
1767715060.257217,btc-updown-15m-1767714300,DOWN,0.21,0.2,0.20500000000000002,-0.009999999999999981
1767715061.583387,btc-updown-15m-1767714300,DOWN,0.22,0.2,0.21000000000000002,-0.01999999999999999
1767715061.584161,btc-updown-15m-1767714300,UP,0.8,0.78,0.79,-0.020000000000000018
1767715062.933737,btc-updown-15m-1767714300,UP,0.8,0.78,0.79,-0.020000000000000018
1767715062.934092,btc-updown-15m-1767714300,DOWN,0.22,0.2,0.21000000000000002,-0.01999999999999999
1767715064.263548,btc-updown-15m-1767714300,UP,0.77,0.76,0.765,-0.010000000000000009
1767715064.263886,btc-updown-15m-1767714300,DOWN,0.24,0.23,0.235,-0.009999999999999981
1767715065.6702561,btc-updown-15m-1767714300,DOWN,0.26,0.25,0.255,-0.010000000000000009
1767715065.6705542,btc-updown-15m-1767714300,UP,0.75,0.74,0.745,-0.010000000000000009
1767715067.004736,btc-updown-15m-1767714300,DOWN,0.27,0.26,0.265,-0.010000000000000009
1767715067.004992,btc-updown-15m-1767714300,UP,0.74,0.73,0.735,-0.010000000000000009
1767715068.351274,btc-updown-15m-1767714300,DOWN,0.28,0.27,0.275,-0.010000000000000009
1767715068.351549,btc-updown-15m-1767714300,UP,0.73,0.72,0.725,-0.010000000000000009
1767715069.883949,btc-updown-15m-1767714300,DOWN,0.34,0.31,0.325,-0.030000000000000027
1767715069.884129,btc-updown-15m-1767714300,UP,0.69,0.66,0.675,-0.029999999999999916
1767715071.218208,btc-updown-15m-1767714300,UP,0.67,0.66,0.665,-0.010000000000000009
1767715071.218349,btc-updown-15m-1767714300,DOWN,0.34,0.33,0.335,-0.010000000000000009
1767715072.771275,btc-updown-15m-1767714300,UP,0.67,0.65,0.66,-0.020000000000000018
1767715072.771997,btc-updown-15m-1767714300,DOWN,0.35,0.33,0.33999999999999997,-0.019999999999999962
1767715074.098849,btc-updown-15m-1767714300,DOWN,0.33,0.31,0.32,-0.020000000000000018
1767715074.100585,btc-updown-15m-1767714300,UP,0.69,0.67,0.6799999999999999,-0.019999999999999907
1767715075.431885,btc-updown-15m-1767714300,DOWN,0.35,0.34,0.345,-0.009999999999999953
1767715075.432117,btc-updown-15m-1767714300,UP,0.66,0.65,0.655,-0.010000000000000009
1767715076.7682922,btc-updown-15m-1767714300,DOWN,0.4,0.38,0.39,-0.020000000000000018
1767715076.7685618,btc-updown-15m-1767714300,UP,0.62,0.6,0.61,-0.020000000000000018
1767715078.116778,btc-updown-15m-1767714300,UP,0.63,0.62,0.625,-0.010000000000000009
1767715078.116899,btc-updown-15m-1767714300,DOWN,0.38,0.37,0.375,-0.010000000000000009
1767715079.5154822,btc-updown-15m-1767714300,DOWN,0.36,0.34,0.35,-0.019999999999999962
1767715079.515639,btc-updown-15m-1767714300,UP,0.66,0.64,0.65,-0.020000000000000018
1767715080.888723,btc-updown-15m-1767714300,DOWN,0.35,0.34,0.345,-0.009999999999999953
1767715080.889127,btc-updown-15m-1767714300,UP,0.66,0.65,0.655,-0.010000000000000009
1767715082.224438,btc-updown-15m-1767714300,DOWN,0.36,0.35,0.355,-0.010000000000000009
1767715082.224492,btc-updown-15m-1767714300,UP,0.65,0.64,0.645,-0.010000000000000009
1767715083.553209,btc-updown-15m-1767714300,UP,0.66,0.64,0.65,-0.020000000000000018
1767715083.5572,btc-updown-15m-1767714300,DOWN,0.36,0.34,0.35,-0.019999999999999962
1767715085.06084,btc-updown-15m-1767714300,UP,0.71,0.7,0.705,-0.010000000000000009
1767715085.061009,btc-updown-15m-1767714300,DOWN,0.3,0.29,0.295,-0.010000000000000009
1767715086.5735219,btc-updown-15m-1767714300,DOWN,0.33,0.32,0.325,-0.010000000000000009
1767715086.574081,btc-updown-15m-1767714300,UP,0.68,0.67,0.675,-0.010000000000000009
1767715087.906585,btc-updown-15m-1767714300,UP,0.69,0.68,0.685,-0.009999999999999898
1767715087.906639,btc-updown-15m-1767714300,DOWN,0.32,0.31,0.315,-0.010000000000000009
1767715089.2563992,btc-updown-15m-1767714300,UP,0.68,0.67,0.675,-0.010000000000000009
1767715089.2568629,btc-updown-15m-1767714300,DOWN,0.33,0.32,0.325,-0.010000000000000009
1767715090.7486668,btc-updown-15m-1767714300,DOWN,0.35,0.34,0.345,-0.009999999999999953
1767715090.749036,btc-updown-15m-1767714300,UP,0.66,0.65,0.655,-0.010000000000000009
1767715092.1020741,btc-updown-15m-1767714300,UP,0.68,0.67,0.675,-0.010000000000000009
1767715092.102117,btc-updown-15m-1767714300,DOWN,0.33,0.32,0.325,-0.010000000000000009
1767715093.4334981,btc-updown-15m-1767714300,UP,0.7,0.69,0.695,-0.010000000000000009
1767715093.433939,btc-updown-15m-1767714300,DOWN,0.31,0.3,0.305,-0.010000000000000009
1767715094.763639,btc-updown-15m-1767714300,UP,0.7,0.69,0.695,-0.010000000000000009
1767715094.763674,btc-updown-15m-1767714300,DOWN,0.31,0.3,0.305,-0.010000000000000009
1767715096.098934,btc-updown-15m-1767714300,UP,0.66,0.65,0.655,-0.010000000000000009
1767715096.099221,btc-updown-15m-1767714300,DOWN,0.35,0.34,0.345,-0.009999999999999953
1767715097.537417,btc-updown-15m-1767714300,DOWN,0.32,0.31,0.315,-0.010000000000000009
1767715097.538102,btc-updown-15m-1767714300,UP,0.69,0.68,0.685,-0.009999999999999898
1767715098.871681,btc-updown-15m-1767714300,DOWN,0.36,0.35,0.355,-0.010000000000000009
1767715098.872083,btc-updown-15m-1767714300,UP,0.65,0.64,0.645,-0.010000000000000009
1767715100.1985059,btc-updown-15m-1767714300,DOWN,0.35,0.34,0.345,-0.009999999999999953
1767715100.199022,btc-updown-15m-1767714300,UP,0.66,0.65,0.655,-0.010000000000000009
1767715101.525114,btc-updown-15m-1767714300,DOWN,0.36,0.35,0.355,-0.010000000000000009
1767715101.533268,btc-updown-15m-1767714300,UP,0.65,0.64,0.645,-0.010000000000000009
1767715102.862933,btc-updown-15m-1767714300,UP,0.6,0.56,0.5800000000000001,-0.039999999999999925
1767715102.86324,btc-updown-15m-1767714300,DOWN,0.44,0.4,0.42000000000000004,-0.03999999999999998
1767715104.53167,btc-updown-15m-1767714300,DOWN,0.38,0.36,0.37,-0.020000000000000018
1767715104.531837,btc-updown-15m-1767714300,UP,0.64,0.62,0.63,-0.020000000000000018
1767715105.867841,btc-updown-15m-1767714300,DOWN,0.36,0.34,0.35,-0.019999999999999962
1767715105.868171,btc-updown-15m-1767714300,UP,0.66,0.64,0.65,-0.020000000000000018
1767715107.2011142,btc-updown-15m-1767714300,UP,0.65,0.64,0.645,-0.010000000000000009
1767715107.201376,btc-updown-15m-1767714300,DOWN,0.36,0.35,0.355,-0.010000000000000009
1767715108.536968,btc-updown-15m-1767714300,UP,0.65,0.63,0.64,-0.020000000000000018
1767715108.5373619,btc-updown-15m-1767714300,DOWN,0.37,0.35,0.36,-0.020000000000000018
1767715109.953256,btc-updown-15m-1767714300,DOWN,0.36,0.35,0.355,-0.010000000000000009
1767715109.953558,btc-updown-15m-1767714300,UP,0.65,0.64,0.645,-0.010000000000000009
1767715111.281743,btc-updown-15m-1767714300,DOWN,0.36,0.34,0.35,-0.019999999999999962
1767715111.2818298,btc-updown-15m-1767714300,UP,0.66,0.64,0.65,-0.020000000000000018
1767715112.757231,btc-updown-15m-1767714300,DOWN,0.3,0.29,0.295,-0.010000000000000009
1767715112.75842,btc-updown-15m-1767714300,UP,0.71,0.7,0.705,-0.010000000000000009
1767715114.123774,btc-updown-15m-1767714300,DOWN,0.22,0.21,0.215,-0.010000000000000009
1767715114.123895,btc-updown-15m-1767714300,UP,0.79,0.78,0.785,-0.010000000000000009
1767715115.473281,btc-updown-15m-1767714300,UP,0.83,0.82,0.825,-0.010000000000000009
1767715115.4733608,btc-updown-15m-1767714300,DOWN,0.18,0.17,0.175,-0.009999999999999981
1767715117.323123,btc-updown-15m-1767714300,UP,0.86,0.85,0.855,-0.010000000000000009
1767715117.323473,btc-updown-15m-1767714300,DOWN,0.15,0.14,0.14500000000000002,-0.009999999999999981
1767715118.670932,btc-updown-15m-1767714300,DOWN,0.18,0.17,0.175,-0.009999999999999981
1767715118.6711419,btc-updown-15m-1767714300,UP,0.83,0.82,0.825,-0.010000000000000009
1767715120.006465,btc-updown-15m-1767714300,UP,0.85,0.83,0.84,-0.020000000000000018
1767715120.006748,btc-updown-15m-1767714300,DOWN,0.17,0.15,0.16,-0.020000000000000018
1767715121.4763389,btc-updown-15m-1767714300,DOWN,0.16,0.15,0.155,-0.010000000000000009
1767715121.476476,btc-updown-15m-1767714300,UP,0.85,0.84,0.845,-0.010000000000000009
1767715122.8062139,btc-updown-15m-1767714300,UP,0.85,0.84,0.845,-0.010000000000000009
1767715122.806474,btc-updown-15m-1767714300,DOWN,0.16,0.15,0.155,-0.010000000000000009
1767715124.149117,btc-updown-15m-1767714300,DOWN,0.27,0.25,0.26,-0.020000000000000018
1767715124.1492999,btc-updown-15m-1767714300,UP,0.74,0.73,0.735,-0.010000000000000009
1767715125.493587,btc-updown-15m-1767714300,UP,0.75,0.74,0.745,-0.010000000000000009
1767715125.4937758,btc-updown-15m-1767714300,DOWN,0.26,0.25,0.255,-0.010000000000000009
1767715126.82746,btc-updown-15m-1767714300,UP,0.74,0.73,0.735,-0.010000000000000009
1767715126.828465,btc-updown-15m-1767714300,DOWN,0.27,0.26,0.265,-0.010000000000000009
1767715128.1590981,btc-updown-15m-1767714300,DOWN,0.25,0.24,0.245,-0.010000000000000009
1767715128.159211,btc-updown-15m-1767714300,UP,0.76,0.75,0.755,-0.010000000000000009
1767715129.50528,btc-updown-15m-1767714300,DOWN,0.34,0.33,0.335,-0.010000000000000009
1767715129.5053608,btc-updown-15m-1767714300,UP,0.67,0.66,0.665,-0.010000000000000009
1767715130.858888,btc-updown-15m-1767714300,DOWN,0.32,0.31,0.315,-0.010000000000000009
1767715130.859173,btc-updown-15m-1767714300,UP,0.69,0.68,0.685,-0.009999999999999898
1767715132.632396,btc-updown-15m-1767714300,DOWN,0.33,0.32,0.325,-0.010000000000000009
1767715132.632852,btc-updown-15m-1767714300,UP,0.68,0.67,0.675,-0.010000000000000009
1767715133.9715,btc-updown-15m-1767714300,DOWN,0.32,0.31,0.315,-0.010000000000000009
1767715133.972071,btc-updown-15m-1767714300,UP,0.69,0.68,0.685,-0.009999999999999898
1767715135.485844,btc-updown-15m-1767714300,DOWN,0.31,0.3,0.305,-0.010000000000000009
1767715135.48611,btc-updown-15m-1767714300,UP,0.7,0.69,0.695,-0.010000000000000009
1767715136.820835,btc-updown-15m-1767714300,UP,0.76,0.75,0.755,-0.010000000000000009
1767715136.8208761,btc-updown-15m-1767714300,DOWN,0.25,0.24,0.245,-0.010000000000000009
1767715138.150371,btc-updown-15m-1767714300,UP,0.79,0.78,0.785,-0.010000000000000009
1767715138.150466,btc-updown-15m-1767714300,DOWN,0.22,0.21,0.215,-0.010000000000000009
1767715139.807963,btc-updown-15m-1767714300,UP,0.8,0.79,0.795,-0.010000000000000009
1767715139.807998,btc-updown-15m-1767714300,DOWN,0.21,0.2,0.20500000000000002,-0.009999999999999981
1767715141.161637,btc-updown-15m-1767714300,DOWN,0.18,0.16,0.16999999999999998,-0.01999999999999999
1767715141.161825,btc-updown-15m-1767714300,UP,0.84,0.82,0.83,-0.020000000000000018
1767715142.50174,btc-updown-15m-1767714300,UP,0.89,0.87,0.88,-0.020000000000000018
1767715142.501923,btc-updown-15m-1767714300,DOWN,0.13,0.11,0.12,-0.020000000000000004
1767715143.841729,btc-updown-15m-1767714300,UP,0.91,0.89,0.9,-0.020000000000000018
1767715143.841824,btc-updown-15m-1767714300,DOWN,0.11,0.09,0.1,-0.020000000000000004
1767715145.1753888,btc-updown-15m-1767714300,DOWN,0.1,0.09,0.095,-0.010000000000000009
1767715145.1758132,btc-updown-15m-1767714300,UP,0.91,0.9,0.905,-0.010000000000000009
1767715146.51719,btc-updown-15m-1767714300,UP,0.9,0.89,0.895,-0.010000000000000009
1767715146.5179641,btc-updown-15m-1767714300,DOWN,0.11,0.1,0.10500000000000001,-0.009999999999999995
1767715148.092896,btc-updown-15m-1767714300,DOWN,0.06,0.05,0.055,-0.009999999999999995
1767715148.09332,btc-updown-15m-1767714300,UP,0.95,0.94,0.945,-0.010000000000000009
1767715149.449155,btc-updown-15m-1767714300,DOWN,0.06,0.04,0.05,-0.019999999999999997
1767715149.449292,btc-updown-15m-1767714300,UP,0.96,0.94,0.95,-0.020000000000000018
1767715150.790575,btc-updown-15m-1767714300,DOWN,0.04,0.03,0.035,-0.010000000000000002
1767715150.7910862,btc-updown-15m-1767714300,UP,0.97,0.96,0.965,-0.010000000000000009
1767715152.1249752,btc-updown-15m-1767714300,UP,0.98,0.97,0.975,-0.010000000000000009
1767715152.125556,btc-updown-15m-1767714300,DOWN,0.03,0.02,0.025,-0.009999999999999998
1767715153.469692,btc-updown-15m-1767714300,UP,0.98,0.97,0.975,-0.010000000000000009
1767715153.470102,btc-updown-15m-1767714300,DOWN,0.03,0.02,0.025,-0.009999999999999998
1767715154.8013282,btc-updown-15m-1767714300,DOWN,0.04,0.03,0.035,-0.010000000000000002
1767715154.8017511,btc-updown-15m-1767714300,UP,0.97,0.96,0.965,-0.010000000000000009
1767715156.14692,btc-updown-15m-1767714300,UP,0.99,0.98,0.985,-0.010000000000000009
1767715156.147115,btc-updown-15m-1767714300,DOWN,0.02,0.01,0.015,-0.01
1767715157.4777532,btc-updown-15m-1767714300,UP,0.99,0.98,0.985,-0.010000000000000009
1767715157.478205,btc-updown-15m-1767714300,DOWN,0.02,0.01,0.015,-0.01
1767715158.88324,btc-updown-15m-1767714300,UP,0.99,0.98,0.985,-0.010000000000000009
1767715158.883392,btc-updown-15m-1767714300,DOWN,0.02,0.01,0.015,-0.01
1767715160.4382248,btc-updown-15m-1767714300,DOWN,0.02,0.01,0.015,-0.01
1767715160.438687,btc-updown-15m-1767714300,UP,0.99,0.98,0.985,-0.010000000000000009
1767715161.768127,btc-updown-15m-1767714300,UP,0.99,0.97,0.98,-0.020000000000000018
1767715161.768379,btc-updown-15m-1767714300,DOWN,0.03,0.01,0.02,-0.019999999999999997
1767715163.36944,btc-updown-15m-1767714300,DOWN,0.02,0.01,0.015,-0.01
1767715164.7223501,btc-updown-15m-1767714300,DOWN,0.02,0.01,0.015,-0.01
1767715164.7224221,btc-updown-15m-1767714300,UP,0.99,0.98,0.985,-0.010000000000000009
1767715166.073635,btc-updown-15m-1767714300,DOWN,0.03,0.01,0.02,-0.019999999999999997
1767715166.073762,btc-updown-15m-1767714300,UP,0.99,0.97,0.98,-0.020000000000000018
1767715167.409792,btc-updown-15m-1767714300,DOWN,0.02,0.01,0.015,-0.01
1767715167.410283,btc-updown-15m-1767714300,UP,0.99,0.98,0.985,-0.010000000000000009
1767715170.135336,btc-updown-15m-1767714300,UP,1.0,0.99,0.995,-0.010000000000000009
1767715170.142406,btc-updown-15m-1767714300,DOWN,0.01,0.0,0.005,-0.01
1767715171.532541,btc-updown-15m-1767714300,UP,1.0,0.99,0.995,-0.010000000000000009
1767715171.5327208,btc-updown-15m-1767714300,DOWN,0.01,0.0,0.005,-0.01
1767715172.8950982,btc-updown-15m-1767714300,UP,1.0,0.99,0.995,-0.010000000000000009
1767715172.8954089,btc-updown-15m-1767714300,DOWN,0.01,0.0,0.005,-0.01
1767715174.254637,btc-updown-15m-1767714300,UP,1.0,0.99,0.995,-0.010000000000000009
1767715174.255292,btc-updown-15m-1767714300,DOWN,0.01,0.0,0.005,-0.01
1767715175.582059,btc-updown-15m-1767714300,DOWN,0.01,0.0,0.005,-0.01
1767715175.582277,btc-updown-15m-1767714300,UP,1.0,0.99,0.995,-0.010000000000000009
1767715176.9341152,btc-updown-15m-1767714300,UP,1.0,0.99,0.995,-0.010000000000000009
1767715176.934818,btc-updown-15m-1767714300,DOWN,0.01,0.0,0.005,-0.01
1767715178.286898,btc-updown-15m-1767714300,UP,1.0,0.99,0.995,-0.010000000000000009
1767715178.2871318,btc-updown-15m-1767714300,DOWN,0.01,0.0,0.005,-0.01
1767715179.845376,btc-updown-15m-1767714300,UP,1.0,0.99,0.995,-0.010000000000000009
1767715179.845649,btc-updown-15m-1767714300,DOWN,0.01,0.0,0.005,-0.01
1767715181.20533,btc-updown-15m-1767714300,UP,1.0,0.99,0.995,-0.010000000000000009
1767715181.205942,btc-updown-15m-1767714300,DOWN,0.01,0.0,0.005,-0.01
1767715182.5588858,btc-updown-15m-1767714300,DOWN,0.01,0.0,0.005,-0.01
1767715182.5590882,btc-updown-15m-1767714300,UP,1.0,0.99,0.995,-0.010000000000000009
1767715183.910229,btc-updown-15m-1767714300,DOWN,0.01,0.0,0.005,-0.01
1767715183.910315,btc-updown-15m-1767714300,UP,1.0,0.99,0.995,-0.010000000000000009
1767715185.277639,btc-updown-15m-1767714300,DOWN,0.01,0.0,0.005,-0.01
1767715185.278072,btc-updown-15m-1767714300,UP,1.0,0.99,0.995,-0.010000000000000009
1767715186.612579,btc-updown-15m-1767714300,DOWN,0.01,0.0,0.005,-0.01
1767715186.612757,btc-updown-15m-1767714300,UP,1.0,0.99,0.995,-0.010000000000000009
1767715187.945863,btc-updown-15m-1767714300,UP,1.0,0.99,0.995,-0.010000000000000009
1767715187.946156,btc-updown-15m-1767714300,DOWN,0.01,0.0,0.005,-0.01
1767715189.326715,btc-updown-15m-1767714300,UP,1.0,0.99,0.995,-0.010000000000000009
1767715189.326886,btc-updown-15m-1767714300,DOWN,0.01,0.0,0.005,-0.01
1767715190.9682171,btc-updown-15m-1767714300,UP,1.0,0.99,0.995,-0.010000000000000009
1767715190.968883,btc-updown-15m-1767714300,DOWN,0.01,0.0,0.005,-0.01
1767715192.461947,btc-updown-15m-1767714300,DOWN,0.01,0.0,0.005,-0.01
1767715192.462056,btc-updown-15m-1767714300,UP,1.0,0.99,0.995,-0.010000000000000009
1767715193.812459,btc-updown-15m-1767714300,DOWN,0.01,0.0,0.005,-0.01
1767715193.8127518,btc-updown-15m-1767714300,UP,1.0,0.99,0.995,-0.010000000000000009
1767715195.236324,btc-updown-15m-1767714300,DOWN,0.01,0.0,0.005,-0.01
1767715195.236709,btc-updown-15m-1767714300,UP,1.0,0.99,0.995,-0.010000000000000009
1767715196.5979571,btc-updown-15m-1767714300,DOWN,0.01,0.0,0.005,-0.01
1767715196.5983412,btc-updown-15m-1767714300,UP,1.0,0.99,0.995,-0.010000000000000009
1767715197.92292,btc-updown-15m-1767714300,UP,1.0,0.99,0.995,-0.010000000000000009
1767715197.9254122,btc-updown-15m-1767714300,DOWN,0.01,0.0,0.005,-0.01
1767715199.29878,btc-updown-15m-1767714300,DOWN,0.01,0.0,0.005,-0.01
1767715199.298971,btc-updown-15m-1767714300,UP,1.0,0.99,0.995,-0.010000000000000009
1767715200.64077,btc-updown-15m-1767714300,UP,1.0,0.99,0.995,-0.010000000000000009
1767715200.641105,btc-updown-15m-1767714300,DOWN,0.01,0.0,0.005,-0.01
1767715202.114969,btc-updown-15m-1767714300,DOWN,0.01,0.0,0.005,-0.01
1767715202.115197,btc-updown-15m-1767714300,UP,1.0,0.99,0.995,-0.010000000000000009
1767715203.4787462,btc-updown-15m-1767714300,DOWN,0.01,0.0,0.005,-0.01
1767715203.478963,btc-updown-15m-1767714300,UP,1.0,0.99,0.995,-0.010000000000000009
1767715204.834273,btc-updown-15m-1767714300,UP,1.0,0.99,0.995,-0.010000000000000009
